2025-05-22T00:30:34.261+05:45  INFO 42961 --- [PaymentProcessingSystem] [File Watcher] rtingClassPathChangeChangedEventListener : Restarting due to 27 class path changes (0 additions, 26 deletions, 1 modification)
2025-05-22T00:30:34.312+05:45  INFO 42961 --- [PaymentProcessingSystem] [Thread-5] j.LocalContainerEntityManagerFactoryBean : Closing JPA EntityManagerFactory for persistence unit 'default'
2025-05-22T00:30:34.331+05:45  INFO 42961 --- [PaymentProcessingSystem] [Thread-5] com.zaxxer.hikari.HikariDataSource       : HikariPool-1 - Shutdown initiated...
2025-05-22T00:30:34.353+05:45  INFO 42961 --- [PaymentProcessingSystem] [Thread-5] com.zaxxer.hikari.HikariDataSource       : HikariPool-1 - Shutdown completed.
2025-05-22T00:30:34.677+05:45  INFO 42961 --- [PaymentProcessingSystem] [restartedMain] c.p.P.PaymentProcessingSystemApplication : Starting PaymentProcessingSystemApplication using Java 17.0.14 with PID 42961 (/home/devs_kaushal/Documents/projects/PaymentProcessingSystem/target/classes started by devs_kaushal in /home/devs_kaushal/Documents/projects/PaymentProcessingSystem)
2025-05-22T00:30:34.678+05:45  INFO 42961 --- [PaymentProcessingSystem] [restartedMain] c.p.P.PaymentProcessingSystemApplication : No active profile set, falling back to 1 default profile: "default"
2025-05-22T00:30:35.277+05:45  INFO 42961 --- [PaymentProcessingSystem] [restartedMain] .s.d.r.c.RepositoryConfigurationDelegate : Bootstrapping Spring Data JPA repositories in DEFAULT mode.
2025-05-22T00:30:35.282+05:45  INFO 42961 --- [PaymentProcessingSystem] [restartedMain] .s.d.r.c.RepositoryConfigurationDelegate : Finished Spring Data repository scanning in 3 ms. Found 0 JPA repository interfaces.
2025-05-22T00:30:35.640+05:45  INFO 42961 --- [PaymentProcessingSystem] [restartedMain] o.s.b.w.embedded.tomcat.TomcatWebServer  : Tomcat initialized with port 8080 (http)
2025-05-22T00:30:35.643+05:45  INFO 42961 --- [PaymentProcessingSystem] [restartedMain] o.apache.catalina.core.StandardService   : Starting service [Tomcat]
2025-05-22T00:30:35.644+05:45  INFO 42961 --- [PaymentProcessingSystem] [restartedMain] o.apache.catalina.core.StandardEngine    : Starting Servlet engine: [Apache Tomcat/10.1.40]
2025-05-22T00:30:35.672+05:45  INFO 42961 --- [PaymentProcessingSystem] [restartedMain] o.a.c.c.C.[Tomcat].[localhost].[/]       : Initializing Spring embedded WebApplicationContext
2025-05-22T00:30:35.673+05:45  INFO 42961 --- [PaymentProcessingSystem] [restartedMain] w.s.c.ServletWebServerApplicationContext : Root WebApplicationContext: initialization completed in 986 ms
2025-05-22T00:30:35.804+05:45  INFO 42961 --- [PaymentProcessingSystem] [restartedMain] o.hibernate.jpa.internal.util.LogHelper  : HHH000204: Processing PersistenceUnitInfo [name: default]
2025-05-22T00:30:35.811+05:45  INFO 42961 --- [PaymentProcessingSystem] [restartedMain] o.h.c.internal.RegionFactoryInitiator    : HHH000026: Second-level cache disabled
2025-05-22T00:30:35.845+05:45  INFO 42961 --- [PaymentProcessingSystem] [restartedMain] o.s.o.j.p.SpringPersistenceUnitInfo      : No LoadTimeWeaver setup: ignoring JPA class transformer
2025-05-22T00:30:35.850+05:45  INFO 42961 --- [PaymentProcessingSystem] [restartedMain] com.zaxxer.hikari.HikariDataSource       : HikariPool-2 - Starting...
2025-05-22T00:30:35.883+05:45  INFO 42961 --- [PaymentProcessingSystem] [restartedMain] com.zaxxer.hikari.pool.HikariPool        : HikariPool-2 - Added connection org.postgresql.jdbc.PgConnection@3beaf6bb
2025-05-22T00:30:35.884+05:45  INFO 42961 --- [PaymentProcessingSystem] [restartedMain] com.zaxxer.hikari.HikariDataSource       : HikariPool-2 - Start completed.
2025-05-22T00:30:35.976+05:45  INFO 42961 --- [PaymentProcessingSystem] [restartedMain] o.h.e.t.j.p.i.JtaPlatformInitiator       : HHH000489: No JTA platform available (set 'hibernate.transaction.jta.platform' to enable JTA platform integration)
2025-05-22T00:30:35.981+05:45  INFO 42961 --- [PaymentProcessingSystem] [restartedMain] j.LocalContainerEntityManagerFactoryBean : Initialized JPA EntityManagerFactory for persistence unit 'default'
2025-05-22T00:30:36.091+05:45  WARN 42961 --- [PaymentProcessingSystem] [restartedMain] JpaBaseConfiguration$JpaWebConfiguration : spring.jpa.open-in-view is enabled by default. Therefore, database queries may be performed during view rendering. Explicitly configure spring.jpa.open-in-view to disable this warning
2025-05-22T00:30:36.368+05:45  WARN 42961 --- [PaymentProcessingSystem] [restartedMain] .s.s.UserDetailsServiceAutoConfiguration : 

Using generated security password: 9f781456-6c80-4129-901b-2d6ab438794b

This generated password is for development use only. Your security configuration must be updated before running your application in production.

2025-05-22T00:30:36.381+05:45  INFO 42961 --- [PaymentProcessingSystem] [restartedMain] r$InitializeUserDetailsManagerConfigurer : Global AuthenticationManager configured with UserDetailsService bean with name inMemoryUserDetailsManager
2025-05-22T00:30:36.510+05:45  INFO 42961 --- [PaymentProcessingSystem] [restartedMain] o.s.b.d.a.OptionalLiveReloadServer       : LiveReload server is running on port 35729
2025-05-22T00:30:36.556+05:45  INFO 42961 --- [PaymentProcessingSystem] [restartedMain] o.s.b.w.embedded.tomcat.TomcatWebServer  : Tomcat started on port 8080 (http) with context path '/'
2025-05-22T00:30:36.568+05:45  INFO 42961 --- [PaymentProcessingSystem] [restartedMain] c.p.P.PaymentProcessingSystemApplication : Started PaymentProcessingSystemApplication in 2.062 seconds (process running for 2013.944)
2025-05-22T00:30:36.585+05:45  INFO 42961 --- [PaymentProcessingSystem] [restartedMain] .ConditionEvaluationDeltaLoggingListener : Condition evaluation delta:


==========================
CONDITION EVALUATION DELTA
==========================


Positive matches:
-----------------

   SpringBootWebSecurityConfiguration.SecurityFilterChainConfiguration matched:
      - AllNestedConditions 2 matched 0 did not; NestedCondition on DefaultWebSecurityCondition.Beans @ConditionalOnMissingBean (types: org.springframework.security.web.SecurityFilterChain; SearchStrategy: all) did not find any beans; NestedCondition on DefaultWebSecurityCondition.Classes @ConditionalOnClass found required classes 'org.springframework.security.web.SecurityFilterChain', 'org.springframework.security.config.annotation.web.builders.HttpSecurity' (DefaultWebSecurityCondition)

   SpringBootWebSecurityConfiguration.WebSecurityEnablerConfiguration matched:
      - @ConditionalOnClass found required class 'org.springframework.security.config.annotation.web.configuration.EnableWebSecurity' (OnClassCondition)
      - @ConditionalOnMissingBean (names: springSecurityFilterChain; SearchStrategy: all) did not find any beans (OnBeanCondition)

   UserDetailsServiceAutoConfiguration matched:
      - @ConditionalOnClass found required class 'org.springframework.security.authentication.AuthenticationManager' (OnClassCondition)
      - AnyNestedCondition 1 matched 2 did not; NestedCondition on UserDetailsServiceAutoConfiguration.MissingAlternativeOrUserPropertiesConfigured.PasswordConfigured @ConditionalOnProperty (spring.security.user.password) did not find property 'password'; NestedCondition on UserDetailsServiceAutoConfiguration.MissingAlternativeOrUserPropertiesConfigured.NameConfigured @ConditionalOnProperty (spring.security.user.name) did not find property 'name'; NestedCondition on UserDetailsServiceAutoConfiguration.MissingAlternativeOrUserPropertiesConfigured.MissingAlternative @ConditionalOnMissingClass did not find unwanted classes 'org.springframework.security.oauth2.client.registration.ClientRegistrationRepository', 'org.springframework.security.oauth2.server.resource.introspection.OpaqueTokenIntrospector', 'org.springframework.security.saml2.provider.service.registration.RelyingPartyRegistrationRepository' (UserDetailsServiceAutoConfiguration.MissingAlternativeOrUserPropertiesConfigured)
      - @ConditionalOnBean (types: org.springframework.security.config.annotation.ObjectPostProcessor; SearchStrategy: all) found bean 'objectPostProcessor'; @ConditionalOnMissingBean (types: org.springframework.security.authentication.AuthenticationManager,org.springframework.security.authentication.AuthenticationProvider,org.springframework.security.core.userdetails.UserDetailsService,org.springframework.security.authentication.AuthenticationManagerResolver,org.springframework.security.oauth2.jwt.JwtDecoder; SearchStrategy: all) did not find any beans (OnBeanCondition)


Negative matches:
-----------------

    None


Exclusions:
-----------

    None


Unconditional classes:
----------------------

    None



2025-05-22T00:30:38.721+05:45  INFO 42961 --- [PaymentProcessingSystem] [File Watcher] rtingClassPathChangeChangedEventListener : Restarting due to 26 class path changes (26 additions, 0 deletions, 0 modifications)
2025-05-22T00:30:38.739+05:45  INFO 42961 --- [PaymentProcessingSystem] [Thread-7] j.LocalContainerEntityManagerFactoryBean : Closing JPA EntityManagerFactory for persistence unit 'default'
2025-05-22T00:30:38.741+05:45  INFO 42961 --- [PaymentProcessingSystem] [Thread-7] com.zaxxer.hikari.HikariDataSource       : HikariPool-2 - Shutdown initiated...
2025-05-22T00:30:38.751+05:45  INFO 42961 --- [PaymentProcessingSystem] [Thread-7] com.zaxxer.hikari.HikariDataSource       : HikariPool-2 - Shutdown completed.
2025-05-22T00:30:38.983+05:45  INFO 42961 --- [PaymentProcessingSystem] [restartedMain] c.p.P.PaymentProcessingSystemApplication : Starting PaymentProcessingSystemApplication using Java 17.0.14 with PID 42961 (/home/devs_kaushal/Documents/projects/PaymentProcessingSystem/target/classes started by devs_kaushal in /home/devs_kaushal/Documents/projects/PaymentProcessingSystem)
2025-05-22T00:30:38.986+05:45  INFO 42961 --- [PaymentProcessingSystem] [restartedMain] c.p.P.PaymentProcessingSystemApplication : No active profile set, falling back to 1 default profile: "default"
2025-05-22T00:30:39.521+05:45  INFO 42961 --- [PaymentProcessingSystem] [restartedMain] .s.d.r.c.RepositoryConfigurationDelegate : Bootstrapping Spring Data JPA repositories in DEFAULT mode.
2025-05-22T00:30:39.543+05:45  INFO 42961 --- [PaymentProcessingSystem] [restartedMain] .s.d.r.c.RepositoryConfigurationDelegate : Finished Spring Data repository scanning in 22 ms. Found 3 JPA repository interfaces.
2025-05-22T00:30:39.777+05:45  INFO 42961 --- [PaymentProcessingSystem] [restartedMain] o.s.b.w.embedded.tomcat.TomcatWebServer  : Tomcat initialized with port 8080 (http)
2025-05-22T00:30:39.778+05:45  INFO 42961 --- [PaymentProcessingSystem] [restartedMain] o.apache.catalina.core.StandardService   : Starting service [Tomcat]
2025-05-22T00:30:39.779+05:45  INFO 42961 --- [PaymentProcessingSystem] [restartedMain] o.apache.catalina.core.StandardEngine    : Starting Servlet engine: [Apache Tomcat/10.1.40]
2025-05-22T00:30:39.799+05:45  INFO 42961 --- [PaymentProcessingSystem] [restartedMain] o.a.c.c.C.[Tomcat].[localhost].[/]       : Initializing Spring embedded WebApplicationContext
2025-05-22T00:30:39.800+05:45  INFO 42961 --- [PaymentProcessingSystem] [restartedMain] w.s.c.ServletWebServerApplicationContext : Root WebApplicationContext: initialization completed in 808 ms
2025-05-22T00:30:39.888+05:45  INFO 42961 --- [PaymentProcessingSystem] [restartedMain] o.hibernate.jpa.internal.util.LogHelper  : HHH000204: Processing PersistenceUnitInfo [name: default]
2025-05-22T00:30:39.892+05:45  INFO 42961 --- [PaymentProcessingSystem] [restartedMain] o.h.c.internal.RegionFactoryInitiator    : HHH000026: Second-level cache disabled
2025-05-22T00:30:39.906+05:45  INFO 42961 --- [PaymentProcessingSystem] [restartedMain] o.s.o.j.p.SpringPersistenceUnitInfo      : No LoadTimeWeaver setup: ignoring JPA class transformer
2025-05-22T00:30:39.907+05:45  INFO 42961 --- [PaymentProcessingSystem] [restartedMain] com.zaxxer.hikari.HikariDataSource       : HikariPool-3 - Starting...
2025-05-22T00:30:39.970+05:45  INFO 42961 --- [PaymentProcessingSystem] [restartedMain] com.zaxxer.hikari.pool.HikariPool        : HikariPool-3 - Added connection org.postgresql.jdbc.PgConnection@706686aa
2025-05-22T00:30:39.970+05:45  INFO 42961 --- [PaymentProcessingSystem] [restartedMain] com.zaxxer.hikari.HikariDataSource       : HikariPool-3 - Start completed.
2025-05-22T00:30:40.076+05:45  INFO 42961 --- [PaymentProcessingSystem] [restartedMain] o.h.m.i.EntityInstantiatorPojoStandard   : HHH000182: No default (no-argument) constructor for class: com.payment.PaymentProcessingSystem.paypallogipn.IpnLogPayPal (class must be instantiated by Interceptor)
2025-05-22T00:30:40.136+05:45  INFO 42961 --- [PaymentProcessingSystem] [restartedMain] o.h.e.t.j.p.i.JtaPlatformInitiator       : HHH000489: No JTA platform available (set 'hibernate.transaction.jta.platform' to enable JTA platform integration)
2025-05-22T00:30:40.161+05:45  INFO 42961 --- [PaymentProcessingSystem] [restartedMain] j.LocalContainerEntityManagerFactoryBean : Initialized JPA EntityManagerFactory for persistence unit 'default'
2025-05-22T00:30:40.378+05:45  INFO 42961 --- [PaymentProcessingSystem] [restartedMain] eAuthenticationProviderManagerConfigurer : Global AuthenticationManager configured with AuthenticationProvider bean with name authenticationProvider
2025-05-22T00:30:40.379+05:45  WARN 42961 --- [PaymentProcessingSystem] [restartedMain] r$InitializeUserDetailsManagerConfigurer : Global AuthenticationManager configured with an AuthenticationProvider bean. UserDetailsService beans will not be used for username/password login. Consider removing the AuthenticationProvider bean. Alternatively, consider using the UserDetailsService in a manually instantiated DaoAuthenticationProvider.
2025-05-22T00:30:40.563+05:45  WARN 42961 --- [PaymentProcessingSystem] [restartedMain] JpaBaseConfiguration$JpaWebConfiguration : spring.jpa.open-in-view is enabled by default. Therefore, database queries may be performed during view rendering. Explicitly configure spring.jpa.open-in-view to disable this warning
2025-05-22T00:30:41.143+05:45  INFO 42961 --- [PaymentProcessingSystem] [restartedMain] o.s.b.d.a.OptionalLiveReloadServer       : LiveReload server is running on port 35729
2025-05-22T00:30:41.194+05:45  INFO 42961 --- [PaymentProcessingSystem] [restartedMain] o.s.b.w.embedded.tomcat.TomcatWebServer  : Tomcat started on port 8080 (http) with context path '/'
2025-05-22T00:30:41.216+05:45  INFO 42961 --- [PaymentProcessingSystem] [restartedMain] c.p.P.PaymentProcessingSystemApplication : Started PaymentProcessingSystemApplication in 2.327 seconds (process running for 2018.591)
2025-05-22T00:30:41.221+05:45  INFO 42961 --- [PaymentProcessingSystem] [restartedMain] .ConditionEvaluationDeltaLoggingListener : Condition evaluation delta:


==========================
CONDITION EVALUATION DELTA
==========================


Positive matches:
-----------------

    None


Negative matches:
-----------------

   SpringBootWebSecurityConfiguration.SecurityFilterChainConfiguration:
      Did not match:
         - AllNestedConditions 1 matched 1 did not; NestedCondition on DefaultWebSecurityCondition.Beans @ConditionalOnMissingBean (types: org.springframework.security.web.SecurityFilterChain; SearchStrategy: all) found beans of type 'org.springframework.security.web.SecurityFilterChain' securityFilterChain; NestedCondition on DefaultWebSecurityCondition.Classes @ConditionalOnClass found required classes 'org.springframework.security.web.SecurityFilterChain', 'org.springframework.security.config.annotation.web.builders.HttpSecurity' (DefaultWebSecurityCondition)

   SpringBootWebSecurityConfiguration.WebSecurityEnablerConfiguration:
      Did not match:
         - @ConditionalOnMissingBean (names: springSecurityFilterChain; SearchStrategy: all) found beans named springSecurityFilterChain (OnBeanCondition)
      Matched:
         - @ConditionalOnClass found required class 'org.springframework.security.config.annotation.web.configuration.EnableWebSecurity' (OnClassCondition)

   UserDetailsServiceAutoConfiguration:
      Did not match:
         - @ConditionalOnMissingBean (types: org.springframework.security.authentication.AuthenticationManager,org.springframework.security.authentication.AuthenticationProvider,org.springframework.security.core.userdetails.UserDetailsService,org.springframework.security.authentication.AuthenticationManagerResolver,org.springframework.security.oauth2.jwt.JwtDecoder; SearchStrategy: all) found beans of type 'org.springframework.security.authentication.AuthenticationManager' authenticationManager and found beans of type 'org.springframework.security.core.userdetails.UserDetailsService' usersDetailService and found beans of type 'org.springframework.security.authentication.AuthenticationProvider' authenticationProvider (OnBeanCondition)
      Matched:
         - @ConditionalOnClass found required class 'org.springframework.security.authentication.AuthenticationManager' (OnClassCondition)
         - AnyNestedCondition 1 matched 2 did not; NestedCondition on UserDetailsServiceAutoConfiguration.MissingAlternativeOrUserPropertiesConfigured.PasswordConfigured @ConditionalOnProperty (spring.security.user.password) did not find property 'password'; NestedCondition on UserDetailsServiceAutoConfiguration.MissingAlternativeOrUserPropertiesConfigured.NameConfigured @ConditionalOnProperty (spring.security.user.name) did not find property 'name'; NestedCondition on UserDetailsServiceAutoConfiguration.MissingAlternativeOrUserPropertiesConfigured.MissingAlternative @ConditionalOnMissingClass did not find unwanted classes 'org.springframework.security.oauth2.client.registration.ClientRegistrationRepository', 'org.springframework.security.oauth2.server.resource.introspection.OpaqueTokenIntrospector', 'org.springframework.security.saml2.provider.service.registration.RelyingPartyRegistrationRepository' (UserDetailsServiceAutoConfiguration.MissingAlternativeOrUserPropertiesConfigured)


Exclusions:
-----------

    None


Unconditional classes:
----------------------

    None



2025-05-22T00:30:45.839+05:45  INFO 45420 --- [PaymentProcessingSystem] [main] .PaymentProcessingSystemApplicationTests : Starting PaymentProcessingSystemApplicationTests using Java 17.0.14 with PID 45420 (started by devs_kaushal in /home/devs_kaushal/Documents/projects/PaymentProcessingSystem)
2025-05-22T00:30:45.843+05:45  INFO 45420 --- [PaymentProcessingSystem] [main] .PaymentProcessingSystemApplicationTests : No active profile set, falling back to 1 default profile: "default"
2025-05-22T00:30:47.213+05:45  INFO 45420 --- [PaymentProcessingSystem] [main] .s.d.r.c.RepositoryConfigurationDelegate : Bootstrapping Spring Data JPA repositories in DEFAULT mode.
2025-05-22T00:30:47.320+05:45  INFO 45420 --- [PaymentProcessingSystem] [main] .s.d.r.c.RepositoryConfigurationDelegate : Finished Spring Data repository scanning in 94 ms. Found 3 JPA repository interfaces.
2025-05-22T00:30:48.683+05:45  INFO 45420 --- [PaymentProcessingSystem] [main] o.hibernate.jpa.internal.util.LogHelper  : HHH000204: Processing PersistenceUnitInfo [name: default]
2025-05-22T00:30:48.761+05:45  INFO 45420 --- [PaymentProcessingSystem] [main] org.hibernate.Version                    : HHH000412: Hibernate ORM core version 6.5.3.Final
2025-05-22T00:30:48.813+05:45  INFO 45420 --- [PaymentProcessingSystem] [main] o.h.c.internal.RegionFactoryInitiator    : HHH000026: Second-level cache disabled
2025-05-22T00:30:49.305+05:45  INFO 45420 --- [PaymentProcessingSystem] [main] o.s.o.j.p.SpringPersistenceUnitInfo      : No LoadTimeWeaver setup: ignoring JPA class transformer
2025-05-22T00:30:49.355+05:45  INFO 45420 --- [PaymentProcessingSystem] [main] com.zaxxer.hikari.HikariDataSource       : HikariPool-1 - Starting...
2025-05-22T00:30:49.619+05:45  INFO 45420 --- [PaymentProcessingSystem] [main] com.zaxxer.hikari.pool.HikariPool        : HikariPool-1 - Added connection org.postgresql.jdbc.PgConnection@3129299f
2025-05-22T00:30:49.622+05:45  INFO 45420 --- [PaymentProcessingSystem] [main] com.zaxxer.hikari.HikariDataSource       : HikariPool-1 - Start completed.
2025-05-22T00:30:50.777+05:45  INFO 45420 --- [PaymentProcessingSystem] [main] o.h.m.i.EntityInstantiatorPojoStandard   : HHH000182: No default (no-argument) constructor for class: com.payment.PaymentProcessingSystem.paypallogipn.IpnLogPayPal (class must be instantiated by Interceptor)
2025-05-22T00:30:50.990+05:45  INFO 45420 --- [PaymentProcessingSystem] [main] o.h.e.t.j.p.i.JtaPlatformInitiator       : HHH000489: No JTA platform available (set 'hibernate.transaction.jta.platform' to enable JTA platform integration)
2025-05-22T00:30:51.053+05:45  INFO 45420 --- [PaymentProcessingSystem] [main] j.LocalContainerEntityManagerFactoryBean : Initialized JPA EntityManagerFactory for persistence unit 'default'
2025-05-22T00:30:52.013+05:45  INFO 45420 --- [PaymentProcessingSystem] [main] eAuthenticationProviderManagerConfigurer : Global AuthenticationManager configured with AuthenticationProvider bean with name authenticationProvider
2025-05-22T00:30:52.015+05:45  WARN 45420 --- [PaymentProcessingSystem] [main] r$InitializeUserDetailsManagerConfigurer : Global AuthenticationManager configured with an AuthenticationProvider bean. UserDetailsService beans will not be used for username/password login. Consider removing the AuthenticationProvider bean. Alternatively, consider using the UserDetailsService in a manually instantiated DaoAuthenticationProvider.
2025-05-22T00:30:52.506+05:45  WARN 45420 --- [PaymentProcessingSystem] [main] JpaBaseConfiguration$JpaWebConfiguration : spring.jpa.open-in-view is enabled by default. Therefore, database queries may be performed during view rendering. Explicitly configure spring.jpa.open-in-view to disable this warning
2025-05-22T00:30:54.566+05:45  INFO 45420 --- [PaymentProcessingSystem] [main] .PaymentProcessingSystemApplicationTests : Started PaymentProcessingSystemApplicationTests in 9.26 seconds (process running for 10.685)
2025-05-22T00:30:55.438+05:45  INFO 45420 --- [PaymentProcessingSystem] [SpringApplicationShutdownHook] j.LocalContainerEntityManagerFactoryBean : Closing JPA EntityManagerFactory for persistence unit 'default'
2025-05-22T00:30:55.447+05:45  INFO 45420 --- [PaymentProcessingSystem] [SpringApplicationShutdownHook] com.zaxxer.hikari.HikariDataSource       : HikariPool-1 - Shutdown initiated...
2025-05-22T00:30:55.460+05:45  INFO 45420 --- [PaymentProcessingSystem] [SpringApplicationShutdownHook] com.zaxxer.hikari.HikariDataSource       : HikariPool-1 - Shutdown completed.
2025-05-22T00:32:32.856+05:45  INFO 45625 --- [PaymentProcessingSystem] [main] c.p.P.PaymentProcessingSystemApplication : Starting PaymentProcessingSystemApplication v0.0.1-SNAPSHOT using Java 17.0.14 with PID 45625 (/home/devs_kaushal/Documents/projects/PaymentProcessingSystem/target/PaymentProcessingSystem-0.0.1-SNAPSHOT.jar started by devs_kaushal in /home/devs_kaushal/Documents/projects/PaymentProcessingSystem)
2025-05-22T00:32:32.865+05:45  INFO 45625 --- [PaymentProcessingSystem] [main] c.p.P.PaymentProcessingSystemApplication : No active profile set, falling back to 1 default profile: "default"
2025-05-22T00:32:34.613+05:45  INFO 45625 --- [PaymentProcessingSystem] [main] .s.d.r.c.RepositoryConfigurationDelegate : Bootstrapping Spring Data JPA repositories in DEFAULT mode.
2025-05-22T00:32:34.722+05:45  INFO 45625 --- [PaymentProcessingSystem] [main] .s.d.r.c.RepositoryConfigurationDelegate : Finished Spring Data repository scanning in 90 ms. Found 3 JPA repository interfaces.
2025-05-22T00:32:36.529+05:45  INFO 45625 --- [PaymentProcessingSystem] [main] o.s.b.w.embedded.tomcat.TomcatWebServer  : Tomcat initialized with port 8080 (http)
2025-05-22T00:32:36.554+05:45  INFO 45625 --- [PaymentProcessingSystem] [main] o.apache.catalina.core.StandardService   : Starting service [Tomcat]
2025-05-22T00:32:36.555+05:45  INFO 45625 --- [PaymentProcessingSystem] [main] o.apache.catalina.core.StandardEngine    : Starting Servlet engine: [Apache Tomcat/10.1.40]
2025-05-22T00:32:36.619+05:45  INFO 45625 --- [PaymentProcessingSystem] [main] o.a.c.c.C.[Tomcat].[localhost].[/]       : Initializing Spring embedded WebApplicationContext
2025-05-22T00:32:36.620+05:45  INFO 45625 --- [PaymentProcessingSystem] [main] w.s.c.ServletWebServerApplicationContext : Root WebApplicationContext: initialization completed in 3640 ms
2025-05-22T00:32:37.195+05:45  INFO 45625 --- [PaymentProcessingSystem] [main] o.hibernate.jpa.internal.util.LogHelper  : HHH000204: Processing PersistenceUnitInfo [name: default]
2025-05-22T00:32:37.304+05:45  INFO 45625 --- [PaymentProcessingSystem] [main] org.hibernate.Version                    : HHH000412: Hibernate ORM core version 6.5.3.Final
2025-05-22T00:32:37.392+05:45  INFO 45625 --- [PaymentProcessingSystem] [main] o.h.c.internal.RegionFactoryInitiator    : HHH000026: Second-level cache disabled
2025-05-22T00:32:37.900+05:45  INFO 45625 --- [PaymentProcessingSystem] [main] o.s.o.j.p.SpringPersistenceUnitInfo      : No LoadTimeWeaver setup: ignoring JPA class transformer
2025-05-22T00:32:37.940+05:45  INFO 45625 --- [PaymentProcessingSystem] [main] com.zaxxer.hikari.HikariDataSource       : HikariPool-1 - Starting...
2025-05-22T00:32:38.249+05:45  INFO 45625 --- [PaymentProcessingSystem] [main] com.zaxxer.hikari.pool.HikariPool        : HikariPool-1 - Added connection org.postgresql.jdbc.PgConnection@3ca278bc
2025-05-22T00:32:38.252+05:45  INFO 45625 --- [PaymentProcessingSystem] [main] com.zaxxer.hikari.HikariDataSource       : HikariPool-1 - Start completed.
2025-05-22T00:32:39.377+05:45  INFO 45625 --- [PaymentProcessingSystem] [main] o.h.m.i.EntityInstantiatorPojoStandard   : HHH000182: No default (no-argument) constructor for class: com.payment.PaymentProcessingSystem.paypallogipn.IpnLogPayPal (class must be instantiated by Interceptor)
2025-05-22T00:32:39.636+05:45  INFO 45625 --- [PaymentProcessingSystem] [main] o.h.e.t.j.p.i.JtaPlatformInitiator       : HHH000489: No JTA platform available (set 'hibernate.transaction.jta.platform' to enable JTA platform integration)
2025-05-22T00:32:39.690+05:45  INFO 45625 --- [PaymentProcessingSystem] [main] j.LocalContainerEntityManagerFactoryBean : Initialized JPA EntityManagerFactory for persistence unit 'default'
2025-05-22T00:32:41.126+05:45  INFO 45625 --- [PaymentProcessingSystem] [main] eAuthenticationProviderManagerConfigurer : Global AuthenticationManager configured with AuthenticationProvider bean with name authenticationProvider
2025-05-22T00:32:41.127+05:45  WARN 45625 --- [PaymentProcessingSystem] [main] r$InitializeUserDetailsManagerConfigurer : Global AuthenticationManager configured with an AuthenticationProvider bean. UserDetailsService beans will not be used for username/password login. Consider removing the AuthenticationProvider bean. Alternatively, consider using the UserDetailsService in a manually instantiated DaoAuthenticationProvider.
2025-05-22T00:32:41.256+05:45  WARN 45625 --- [PaymentProcessingSystem] [main] JpaBaseConfiguration$JpaWebConfiguration : spring.jpa.open-in-view is enabled by default. Therefore, database queries may be performed during view rendering. Explicitly configure spring.jpa.open-in-view to disable this warning
2025-05-22T00:32:43.135+05:45  WARN 45625 --- [PaymentProcessingSystem] [main] ConfigServletWebServerApplicationContext : Exception encountered during context initialization - cancelling refresh attempt: org.springframework.context.ApplicationContextException: Failed to start bean 'webServerStartStop'
2025-05-22T00:32:43.139+05:45  INFO 45625 --- [PaymentProcessingSystem] [main] j.LocalContainerEntityManagerFactoryBean : Closing JPA EntityManagerFactory for persistence unit 'default'
2025-05-22T00:32:43.143+05:45  INFO 45625 --- [PaymentProcessingSystem] [main] com.zaxxer.hikari.HikariDataSource       : HikariPool-1 - Shutdown initiated...
2025-05-22T00:32:43.154+05:45  INFO 45625 --- [PaymentProcessingSystem] [main] com.zaxxer.hikari.HikariDataSource       : HikariPool-1 - Shutdown completed.
2025-05-22T00:32:43.187+05:45  INFO 45625 --- [PaymentProcessingSystem] [main] .s.b.a.l.ConditionEvaluationReportLogger : 

Error starting ApplicationContext. To display the condition evaluation report re-run your application with 'debug' enabled.
2025-05-22T00:32:43.222+05:45 ERROR 45625 --- [PaymentProcessingSystem] [main] o.s.b.d.LoggingFailureAnalysisReporter   : 

***************************
APPLICATION FAILED TO START
***************************

Description:

Web server failed to start. Port 8080 was already in use.

Action:

Identify and stop the process that's listening on port 8080 or configure this application to listen on another port.

2025-05-22T00:35:05.772+05:45  INFO 42961 --- [PaymentProcessingSystem] [SpringApplicationShutdownHook] j.LocalContainerEntityManagerFactoryBean : Closing JPA EntityManagerFactory for persistence unit 'default'
2025-05-22T00:35:05.774+05:45  INFO 42961 --- [PaymentProcessingSystem] [SpringApplicationShutdownHook] com.zaxxer.hikari.HikariDataSource       : HikariPool-3 - Shutdown initiated...
2025-05-22T00:35:05.777+05:45  INFO 42961 --- [PaymentProcessingSystem] [SpringApplicationShutdownHook] com.zaxxer.hikari.HikariDataSource       : HikariPool-3 - Shutdown completed.
2025-05-22T00:35:14.077+05:45  INFO 45912 --- [PaymentProcessingSystem] [restartedMain] c.p.P.PaymentProcessingSystemApplication : Starting PaymentProcessingSystemApplication using Java 17.0.14 with PID 45912 (/home/devs_kaushal/Documents/projects/PaymentProcessingSystem/target/classes started by devs_kaushal in /home/devs_kaushal/Documents/projects/PaymentProcessingSystem)
2025-05-22T00:35:14.081+05:45  INFO 45912 --- [PaymentProcessingSystem] [restartedMain] c.p.P.PaymentProcessingSystemApplication : No active profile set, falling back to 1 default profile: "default"
2025-05-22T00:35:14.245+05:45  INFO 45912 --- [PaymentProcessingSystem] [restartedMain] .e.DevToolsPropertyDefaultsPostProcessor : Devtools property defaults active! Set 'spring.devtools.add-properties' to 'false' to disable
2025-05-22T00:35:14.246+05:45  INFO 45912 --- [PaymentProcessingSystem] [restartedMain] .e.DevToolsPropertyDefaultsPostProcessor : For additional web related logging consider setting the 'logging.level.web' property to 'DEBUG'
2025-05-22T00:35:15.766+05:45  INFO 45912 --- [PaymentProcessingSystem] [restartedMain] .s.d.r.c.RepositoryConfigurationDelegate : Bootstrapping Spring Data JPA repositories in DEFAULT mode.
2025-05-22T00:35:15.863+05:45  INFO 45912 --- [PaymentProcessingSystem] [restartedMain] .s.d.r.c.RepositoryConfigurationDelegate : Finished Spring Data repository scanning in 84 ms. Found 3 JPA repository interfaces.
2025-05-22T00:35:17.478+05:45  INFO 45912 --- [PaymentProcessingSystem] [restartedMain] o.s.b.w.embedded.tomcat.TomcatWebServer  : Tomcat initialized with port 8080 (http)
2025-05-22T00:35:17.494+05:45  INFO 45912 --- [PaymentProcessingSystem] [restartedMain] o.apache.catalina.core.StandardService   : Starting service [Tomcat]
2025-05-22T00:35:17.495+05:45  INFO 45912 --- [PaymentProcessingSystem] [restartedMain] o.apache.catalina.core.StandardEngine    : Starting Servlet engine: [Apache Tomcat/10.1.40]
2025-05-22T00:35:17.557+05:45  INFO 45912 --- [PaymentProcessingSystem] [restartedMain] o.a.c.c.C.[Tomcat].[localhost].[/]       : Initializing Spring embedded WebApplicationContext
2025-05-22T00:35:17.558+05:45  INFO 45912 --- [PaymentProcessingSystem] [restartedMain] w.s.c.ServletWebServerApplicationContext : Root WebApplicationContext: initialization completed in 3311 ms
2025-05-22T00:35:18.115+05:45  INFO 45912 --- [PaymentProcessingSystem] [restartedMain] o.hibernate.jpa.internal.util.LogHelper  : HHH000204: Processing PersistenceUnitInfo [name: default]
2025-05-22T00:35:18.203+05:45  INFO 45912 --- [PaymentProcessingSystem] [restartedMain] org.hibernate.Version                    : HHH000412: Hibernate ORM core version 6.5.3.Final
2025-05-22T00:35:18.258+05:45  INFO 45912 --- [PaymentProcessingSystem] [restartedMain] o.h.c.internal.RegionFactoryInitiator    : HHH000026: Second-level cache disabled
2025-05-22T00:35:18.726+05:45  INFO 45912 --- [PaymentProcessingSystem] [restartedMain] o.s.o.j.p.SpringPersistenceUnitInfo      : No LoadTimeWeaver setup: ignoring JPA class transformer
2025-05-22T00:35:18.780+05:45  INFO 45912 --- [PaymentProcessingSystem] [restartedMain] com.zaxxer.hikari.HikariDataSource       : HikariPool-1 - Starting...
2025-05-22T00:35:19.065+05:45  INFO 45912 --- [PaymentProcessingSystem] [restartedMain] com.zaxxer.hikari.pool.HikariPool        : HikariPool-1 - Added connection org.postgresql.jdbc.PgConnection@7d09a82f
2025-05-22T00:35:19.070+05:45  INFO 45912 --- [PaymentProcessingSystem] [restartedMain] com.zaxxer.hikari.HikariDataSource       : HikariPool-1 - Start completed.
2025-05-22T00:35:20.212+05:45  INFO 45912 --- [PaymentProcessingSystem] [restartedMain] o.h.m.i.EntityInstantiatorPojoStandard   : HHH000182: No default (no-argument) constructor for class: com.payment.PaymentProcessingSystem.paypallogipn.IpnLogPayPal (class must be instantiated by Interceptor)
2025-05-22T00:35:20.478+05:45  INFO 45912 --- [PaymentProcessingSystem] [restartedMain] o.h.e.t.j.p.i.JtaPlatformInitiator       : HHH000489: No JTA platform available (set 'hibernate.transaction.jta.platform' to enable JTA platform integration)
2025-05-22T00:35:20.535+05:45  INFO 45912 --- [PaymentProcessingSystem] [restartedMain] j.LocalContainerEntityManagerFactoryBean : Initialized JPA EntityManagerFactory for persistence unit 'default'
2025-05-22T00:35:21.516+05:45  INFO 45912 --- [PaymentProcessingSystem] [restartedMain] eAuthenticationProviderManagerConfigurer : Global AuthenticationManager configured with AuthenticationProvider bean with name authenticationProvider
2025-05-22T00:35:21.517+05:45  WARN 45912 --- [PaymentProcessingSystem] [restartedMain] r$InitializeUserDetailsManagerConfigurer : Global AuthenticationManager configured with an AuthenticationProvider bean. UserDetailsService beans will not be used for username/password login. Consider removing the AuthenticationProvider bean. Alternatively, consider using the UserDetailsService in a manually instantiated DaoAuthenticationProvider.
2025-05-22T00:35:22.024+05:45  WARN 45912 --- [PaymentProcessingSystem] [restartedMain] JpaBaseConfiguration$JpaWebConfiguration : spring.jpa.open-in-view is enabled by default. Therefore, database queries may be performed during view rendering. Explicitly configure spring.jpa.open-in-view to disable this warning
2025-05-22T00:35:23.950+05:45  INFO 45912 --- [PaymentProcessingSystem] [restartedMain] o.s.b.d.a.OptionalLiveReloadServer       : LiveReload server is running on port 35729
2025-05-22T00:35:24.003+05:45  INFO 45912 --- [PaymentProcessingSystem] [restartedMain] o.s.b.w.embedded.tomcat.TomcatWebServer  : Tomcat started on port 8080 (http) with context path '/'
2025-05-22T00:35:24.024+05:45  INFO 45912 --- [PaymentProcessingSystem] [restartedMain] c.p.P.PaymentProcessingSystemApplication : Started PaymentProcessingSystemApplication in 10.895 seconds (process running for 11.948)
2025-05-22T00:56:55.477+05:45  INFO 45912 --- [PaymentProcessingSystem] [http-nio-8080-exec-3] o.a.c.c.C.[Tomcat].[localhost].[/]       : Initializing Spring DispatcherServlet 'dispatcherServlet'
2025-05-22T00:56:55.480+05:45  INFO 45912 --- [PaymentProcessingSystem] [http-nio-8080-exec-3] o.s.web.servlet.DispatcherServlet        : Initializing Servlet 'dispatcherServlet'
2025-05-22T00:56:55.489+05:45  INFO 45912 --- [PaymentProcessingSystem] [http-nio-8080-exec-3] o.s.web.servlet.DispatcherServlet        : Completed initialization in 7 ms
2025-05-22T00:57:03.691+05:45  INFO 45912 --- [PaymentProcessingSystem] [SpringApplicationShutdownHook] j.LocalContainerEntityManagerFactoryBean : Closing JPA EntityManagerFactory for persistence unit 'default'
2025-05-22T00:57:03.697+05:45  INFO 45912 --- [PaymentProcessingSystem] [SpringApplicationShutdownHook] com.zaxxer.hikari.HikariDataSource       : HikariPool-1 - Shutdown initiated...
2025-05-22T00:57:03.707+05:45  INFO 45912 --- [PaymentProcessingSystem] [SpringApplicationShutdownHook] com.zaxxer.hikari.HikariDataSource       : HikariPool-1 - Shutdown completed.
2025-05-22T00:57:25.643+05:45  INFO 50253 --- [PaymentProcessingSystem] [restartedMain] c.p.P.PaymentProcessingSystemApplication : Starting PaymentProcessingSystemApplication using Java 17.0.14 with PID 50253 (/home/devs_kaushal/Documents/projects/PaymentProcessingSystem/target/classes started by devs_kaushal in /home/devs_kaushal/Documents/projects/PaymentProcessingSystem)
2025-05-22T00:57:25.647+05:45  INFO 50253 --- [PaymentProcessingSystem] [restartedMain] c.p.P.PaymentProcessingSystemApplication : No active profile set, falling back to 1 default profile: "default"
2025-05-22T00:57:25.729+05:45  INFO 50253 --- [PaymentProcessingSystem] [restartedMain] .e.DevToolsPropertyDefaultsPostProcessor : Devtools property defaults active! Set 'spring.devtools.add-properties' to 'false' to disable
2025-05-22T00:57:25.729+05:45  INFO 50253 --- [PaymentProcessingSystem] [restartedMain] .e.DevToolsPropertyDefaultsPostProcessor : For additional web related logging consider setting the 'logging.level.web' property to 'DEBUG'
2025-05-22T00:57:27.021+05:45  INFO 50253 --- [PaymentProcessingSystem] [restartedMain] .s.d.r.c.RepositoryConfigurationDelegate : Bootstrapping Spring Data JPA repositories in DEFAULT mode.
2025-05-22T00:57:27.113+05:45  INFO 50253 --- [PaymentProcessingSystem] [restartedMain] .s.d.r.c.RepositoryConfigurationDelegate : Finished Spring Data repository scanning in 80 ms. Found 3 JPA repository interfaces.
2025-05-22T00:57:28.728+05:45  INFO 50253 --- [PaymentProcessingSystem] [restartedMain] o.s.b.w.embedded.tomcat.TomcatWebServer  : Tomcat initialized with port 8080 (http)
2025-05-22T00:57:28.749+05:45  INFO 50253 --- [PaymentProcessingSystem] [restartedMain] o.apache.catalina.core.StandardService   : Starting service [Tomcat]
2025-05-22T00:57:28.750+05:45  INFO 50253 --- [PaymentProcessingSystem] [restartedMain] o.apache.catalina.core.StandardEngine    : Starting Servlet engine: [Apache Tomcat/10.1.40]
2025-05-22T00:57:28.814+05:45  INFO 50253 --- [PaymentProcessingSystem] [restartedMain] o.a.c.c.C.[Tomcat].[localhost].[/]       : Initializing Spring embedded WebApplicationContext
2025-05-22T00:57:28.815+05:45  INFO 50253 --- [PaymentProcessingSystem] [restartedMain] w.s.c.ServletWebServerApplicationContext : Root WebApplicationContext: initialization completed in 3085 ms
2025-05-22T00:57:29.204+05:45  INFO 50253 --- [PaymentProcessingSystem] [restartedMain] o.hibernate.jpa.internal.util.LogHelper  : HHH000204: Processing PersistenceUnitInfo [name: default]
2025-05-22T00:57:29.272+05:45  INFO 50253 --- [PaymentProcessingSystem] [restartedMain] org.hibernate.Version                    : HHH000412: Hibernate ORM core version 6.5.3.Final
2025-05-22T00:57:29.332+05:45  INFO 50253 --- [PaymentProcessingSystem] [restartedMain] o.h.c.internal.RegionFactoryInitiator    : HHH000026: Second-level cache disabled
2025-05-22T00:57:29.722+05:45  INFO 50253 --- [PaymentProcessingSystem] [restartedMain] o.s.o.j.p.SpringPersistenceUnitInfo      : No LoadTimeWeaver setup: ignoring JPA class transformer
2025-05-22T00:57:29.757+05:45  INFO 50253 --- [PaymentProcessingSystem] [restartedMain] com.zaxxer.hikari.HikariDataSource       : HikariPool-1 - Starting...
2025-05-22T00:57:29.977+05:45  INFO 50253 --- [PaymentProcessingSystem] [restartedMain] com.zaxxer.hikari.pool.HikariPool        : HikariPool-1 - Added connection org.postgresql.jdbc.PgConnection@3b7e465a
2025-05-22T00:57:29.981+05:45  INFO 50253 --- [PaymentProcessingSystem] [restartedMain] com.zaxxer.hikari.HikariDataSource       : HikariPool-1 - Start completed.
2025-05-22T00:57:30.916+05:45  INFO 50253 --- [PaymentProcessingSystem] [restartedMain] o.h.m.i.EntityInstantiatorPojoStandard   : HHH000182: No default (no-argument) constructor for class: com.payment.PaymentProcessingSystem.paypallogipn.IpnLogPayPal (class must be instantiated by Interceptor)
2025-05-22T00:57:31.131+05:45  INFO 50253 --- [PaymentProcessingSystem] [restartedMain] o.h.e.t.j.p.i.JtaPlatformInitiator       : HHH000489: No JTA platform available (set 'hibernate.transaction.jta.platform' to enable JTA platform integration)
2025-05-22T00:57:31.182+05:45  INFO 50253 --- [PaymentProcessingSystem] [restartedMain] j.LocalContainerEntityManagerFactoryBean : Initialized JPA EntityManagerFactory for persistence unit 'default'
2025-05-22T00:57:31.976+05:45  INFO 50253 --- [PaymentProcessingSystem] [restartedMain] eAuthenticationProviderManagerConfigurer : Global AuthenticationManager configured with AuthenticationProvider bean with name authenticationProvider
2025-05-22T00:57:31.976+05:45  WARN 50253 --- [PaymentProcessingSystem] [restartedMain] r$InitializeUserDetailsManagerConfigurer : Global AuthenticationManager configured with an AuthenticationProvider bean. UserDetailsService beans will not be used for username/password login. Consider removing the AuthenticationProvider bean. Alternatively, consider using the UserDetailsService in a manually instantiated DaoAuthenticationProvider.
2025-05-22T00:57:32.407+05:45  WARN 50253 --- [PaymentProcessingSystem] [restartedMain] JpaBaseConfiguration$JpaWebConfiguration : spring.jpa.open-in-view is enabled by default. Therefore, database queries may be performed during view rendering. Explicitly configure spring.jpa.open-in-view to disable this warning
2025-05-22T00:57:33.901+05:45  INFO 50253 --- [PaymentProcessingSystem] [restartedMain] o.s.b.d.a.OptionalLiveReloadServer       : LiveReload server is running on port 35729
2025-05-22T00:57:33.940+05:45  INFO 50253 --- [PaymentProcessingSystem] [restartedMain] o.s.b.w.embedded.tomcat.TomcatWebServer  : Tomcat started on port 8080 (http) with context path '/'
2025-05-22T00:57:33.957+05:45  INFO 50253 --- [PaymentProcessingSystem] [restartedMain] c.p.P.PaymentProcessingSystemApplication : Started PaymentProcessingSystemApplication in 9.448 seconds (process running for 10.62)
2025-05-22T01:00:47.366+05:45  INFO 50253 --- [PaymentProcessingSystem] [File Watcher] rtingClassPathChangeChangedEventListener : Restarting due to 27 class path changes (0 additions, 26 deletions, 1 modification)
2025-05-22T01:00:47.404+05:45  INFO 50253 --- [PaymentProcessingSystem] [Thread-5] j.LocalContainerEntityManagerFactoryBean : Closing JPA EntityManagerFactory for persistence unit 'default'
2025-05-22T01:00:47.417+05:45  INFO 50253 --- [PaymentProcessingSystem] [Thread-5] com.zaxxer.hikari.HikariDataSource       : HikariPool-1 - Shutdown initiated...
2025-05-22T01:00:47.445+05:45  INFO 50253 --- [PaymentProcessingSystem] [Thread-5] com.zaxxer.hikari.HikariDataSource       : HikariPool-1 - Shutdown completed.
2025-05-22T01:00:47.690+05:45  INFO 50253 --- [PaymentProcessingSystem] [restartedMain] c.p.P.PaymentProcessingSystemApplication : Starting PaymentProcessingSystemApplication using Java 17.0.14 with PID 50253 (/home/devs_kaushal/Documents/projects/PaymentProcessingSystem/target/classes started by devs_kaushal in /home/devs_kaushal/Documents/projects/PaymentProcessingSystem)
2025-05-22T01:00:47.690+05:45  INFO 50253 --- [PaymentProcessingSystem] [restartedMain] c.p.P.PaymentProcessingSystemApplication : No active profile set, falling back to 1 default profile: "default"
2025-05-22T01:00:48.297+05:45  INFO 50253 --- [PaymentProcessingSystem] [restartedMain] .s.d.r.c.RepositoryConfigurationDelegate : Bootstrapping Spring Data JPA repositories in DEFAULT mode.
2025-05-22T01:00:48.299+05:45  INFO 50253 --- [PaymentProcessingSystem] [restartedMain] .s.d.r.c.RepositoryConfigurationDelegate : Finished Spring Data repository scanning in 1 ms. Found 0 JPA repository interfaces.
2025-05-22T01:00:49.110+05:45  INFO 50253 --- [PaymentProcessingSystem] [restartedMain] o.s.b.w.embedded.tomcat.TomcatWebServer  : Tomcat initialized with port 8080 (http)
2025-05-22T01:00:49.113+05:45  INFO 50253 --- [PaymentProcessingSystem] [restartedMain] o.apache.catalina.core.StandardService   : Starting service [Tomcat]
2025-05-22T01:00:49.115+05:45  INFO 50253 --- [PaymentProcessingSystem] [restartedMain] o.apache.catalina.core.StandardEngine    : Starting Servlet engine: [Apache Tomcat/10.1.40]
2025-05-22T01:00:49.197+05:45  INFO 50253 --- [PaymentProcessingSystem] [restartedMain] o.a.c.c.C.[Tomcat].[localhost].[/]       : Initializing Spring embedded WebApplicationContext
2025-05-22T01:00:49.199+05:45  INFO 50253 --- [PaymentProcessingSystem] [restartedMain] w.s.c.ServletWebServerApplicationContext : Root WebApplicationContext: initialization completed in 1505 ms
2025-05-22T01:00:49.618+05:45  INFO 50253 --- [PaymentProcessingSystem] [restartedMain] o.hibernate.jpa.internal.util.LogHelper  : HHH000204: Processing PersistenceUnitInfo [name: default]
2025-05-22T01:00:49.623+05:45  INFO 50253 --- [PaymentProcessingSystem] [restartedMain] o.h.c.internal.RegionFactoryInitiator    : HHH000026: Second-level cache disabled
2025-05-22T01:00:49.650+05:45  INFO 50253 --- [PaymentProcessingSystem] [restartedMain] o.s.o.j.p.SpringPersistenceUnitInfo      : No LoadTimeWeaver setup: ignoring JPA class transformer
2025-05-22T01:00:49.653+05:45  INFO 50253 --- [PaymentProcessingSystem] [restartedMain] com.zaxxer.hikari.HikariDataSource       : HikariPool-2 - Starting...
2025-05-22T01:00:49.727+05:45  INFO 50253 --- [PaymentProcessingSystem] [restartedMain] com.zaxxer.hikari.pool.HikariPool        : HikariPool-2 - Added connection org.postgresql.jdbc.PgConnection@2dcaf74b
2025-05-22T01:00:49.728+05:45  INFO 50253 --- [PaymentProcessingSystem] [restartedMain] com.zaxxer.hikari.HikariDataSource       : HikariPool-2 - Start completed.
2025-05-22T01:00:49.797+05:45  INFO 50253 --- [PaymentProcessingSystem] [restartedMain] o.h.e.t.j.p.i.JtaPlatformInitiator       : HHH000489: No JTA platform available (set 'hibernate.transaction.jta.platform' to enable JTA platform integration)
2025-05-22T01:00:49.801+05:45  INFO 50253 --- [PaymentProcessingSystem] [restartedMain] j.LocalContainerEntityManagerFactoryBean : Initialized JPA EntityManagerFactory for persistence unit 'default'
2025-05-22T01:00:50.038+05:45  WARN 50253 --- [PaymentProcessingSystem] [restartedMain] JpaBaseConfiguration$JpaWebConfiguration : spring.jpa.open-in-view is enabled by default. Therefore, database queries may be performed during view rendering. Explicitly configure spring.jpa.open-in-view to disable this warning
2025-05-22T01:00:51.752+05:45  WARN 50253 --- [PaymentProcessingSystem] [restartedMain] .s.s.UserDetailsServiceAutoConfiguration : 

Using generated security password: 3fb32fbd-6c64-4133-9617-30cdc4c5e606

This generated password is for development use only. Your security configuration must be updated before running your application in production.

2025-05-22T01:00:51.768+05:45  INFO 50253 --- [PaymentProcessingSystem] [restartedMain] r$InitializeUserDetailsManagerConfigurer : Global AuthenticationManager configured with UserDetailsService bean with name inMemoryUserDetailsManager
2025-05-22T01:00:52.225+05:45  INFO 50253 --- [PaymentProcessingSystem] [restartedMain] o.s.b.d.a.OptionalLiveReloadServer       : LiveReload server is running on port 35729
2025-05-22T01:00:52.322+05:45  INFO 50253 --- [PaymentProcessingSystem] [restartedMain] o.s.b.w.embedded.tomcat.TomcatWebServer  : Tomcat started on port 8080 (http) with context path '/'
2025-05-22T01:00:52.340+05:45  INFO 50253 --- [PaymentProcessingSystem] [restartedMain] c.p.P.PaymentProcessingSystemApplication : Started PaymentProcessingSystemApplication in 4.701 seconds (process running for 209.003)
2025-05-22T01:00:52.357+05:45  INFO 50253 --- [PaymentProcessingSystem] [restartedMain] .ConditionEvaluationDeltaLoggingListener : Condition evaluation delta:


==========================
CONDITION EVALUATION DELTA
==========================


Positive matches:
-----------------

   SpringBootWebSecurityConfiguration.SecurityFilterChainConfiguration matched:
      - AllNestedConditions 2 matched 0 did not; NestedCondition on DefaultWebSecurityCondition.Beans @ConditionalOnMissingBean (types: org.springframework.security.web.SecurityFilterChain; SearchStrategy: all) did not find any beans; NestedCondition on DefaultWebSecurityCondition.Classes @ConditionalOnClass found required classes 'org.springframework.security.web.SecurityFilterChain', 'org.springframework.security.config.annotation.web.builders.HttpSecurity' (DefaultWebSecurityCondition)

   SpringBootWebSecurityConfiguration.WebSecurityEnablerConfiguration matched:
      - @ConditionalOnClass found required class 'org.springframework.security.config.annotation.web.configuration.EnableWebSecurity' (OnClassCondition)
      - @ConditionalOnMissingBean (names: springSecurityFilterChain; SearchStrategy: all) did not find any beans (OnBeanCondition)

   UserDetailsServiceAutoConfiguration matched:
      - @ConditionalOnClass found required class 'org.springframework.security.authentication.AuthenticationManager' (OnClassCondition)
      - AnyNestedCondition 1 matched 2 did not; NestedCondition on UserDetailsServiceAutoConfiguration.MissingAlternativeOrUserPropertiesConfigured.PasswordConfigured @ConditionalOnProperty (spring.security.user.password) did not find property 'password'; NestedCondition on UserDetailsServiceAutoConfiguration.MissingAlternativeOrUserPropertiesConfigured.NameConfigured @ConditionalOnProperty (spring.security.user.name) did not find property 'name'; NestedCondition on UserDetailsServiceAutoConfiguration.MissingAlternativeOrUserPropertiesConfigured.MissingAlternative @ConditionalOnMissingClass did not find unwanted classes 'org.springframework.security.oauth2.client.registration.ClientRegistrationRepository', 'org.springframework.security.oauth2.server.resource.introspection.OpaqueTokenIntrospector', 'org.springframework.security.saml2.provider.service.registration.RelyingPartyRegistrationRepository' (UserDetailsServiceAutoConfiguration.MissingAlternativeOrUserPropertiesConfigured)
      - @ConditionalOnBean (types: org.springframework.security.config.annotation.ObjectPostProcessor; SearchStrategy: all) found bean 'objectPostProcessor'; @ConditionalOnMissingBean (types: org.springframework.security.authentication.AuthenticationManager,org.springframework.security.authentication.AuthenticationProvider,org.springframework.security.core.userdetails.UserDetailsService,org.springframework.security.authentication.AuthenticationManagerResolver,org.springframework.security.oauth2.jwt.JwtDecoder; SearchStrategy: all) did not find any beans (OnBeanCondition)


Negative matches:
-----------------

    None


Exclusions:
-----------

    None


Unconditional classes:
----------------------

    None



2025-05-22T01:00:53.615+05:45  INFO 50253 --- [PaymentProcessingSystem] [File Watcher] rtingClassPathChangeChangedEventListener : Restarting due to 26 class path changes (26 additions, 0 deletions, 0 modifications)
2025-05-22T01:00:53.628+05:45  INFO 50253 --- [PaymentProcessingSystem] [Thread-7] j.LocalContainerEntityManagerFactoryBean : Closing JPA EntityManagerFactory for persistence unit 'default'
2025-05-22T01:00:53.635+05:45  INFO 50253 --- [PaymentProcessingSystem] [Thread-7] com.zaxxer.hikari.HikariDataSource       : HikariPool-2 - Shutdown initiated...
2025-05-22T01:00:53.646+05:45  INFO 50253 --- [PaymentProcessingSystem] [Thread-7] com.zaxxer.hikari.HikariDataSource       : HikariPool-2 - Shutdown completed.
2025-05-22T01:00:53.890+05:45  INFO 50253 --- [PaymentProcessingSystem] [restartedMain] c.p.P.PaymentProcessingSystemApplication : Starting PaymentProcessingSystemApplication using Java 17.0.14 with PID 50253 (/home/devs_kaushal/Documents/projects/PaymentProcessingSystem/target/classes started by devs_kaushal in /home/devs_kaushal/Documents/projects/PaymentProcessingSystem)
2025-05-22T01:00:53.890+05:45  INFO 50253 --- [PaymentProcessingSystem] [restartedMain] c.p.P.PaymentProcessingSystemApplication : No active profile set, falling back to 1 default profile: "default"
2025-05-22T01:00:54.333+05:45  INFO 50253 --- [PaymentProcessingSystem] [restartedMain] .s.d.r.c.RepositoryConfigurationDelegate : Bootstrapping Spring Data JPA repositories in DEFAULT mode.
2025-05-22T01:00:54.355+05:45  INFO 50253 --- [PaymentProcessingSystem] [restartedMain] .s.d.r.c.RepositoryConfigurationDelegate : Finished Spring Data repository scanning in 21 ms. Found 3 JPA repository interfaces.
2025-05-22T01:00:54.781+05:45  INFO 50253 --- [PaymentProcessingSystem] [restartedMain] o.s.b.w.embedded.tomcat.TomcatWebServer  : Tomcat initialized with port 8080 (http)
2025-05-22T01:00:54.785+05:45  INFO 50253 --- [PaymentProcessingSystem] [restartedMain] o.apache.catalina.core.StandardService   : Starting service [Tomcat]
2025-05-22T01:00:54.786+05:45  INFO 50253 --- [PaymentProcessingSystem] [restartedMain] o.apache.catalina.core.StandardEngine    : Starting Servlet engine: [Apache Tomcat/10.1.40]
2025-05-22T01:00:54.803+05:45  INFO 50253 --- [PaymentProcessingSystem] [restartedMain] o.a.c.c.C.[Tomcat].[localhost].[/]       : Initializing Spring embedded WebApplicationContext
2025-05-22T01:00:54.803+05:45  INFO 50253 --- [PaymentProcessingSystem] [restartedMain] w.s.c.ServletWebServerApplicationContext : Root WebApplicationContext: initialization completed in 909 ms
2025-05-22T01:00:55.026+05:45  INFO 50253 --- [PaymentProcessingSystem] [restartedMain] o.hibernate.jpa.internal.util.LogHelper  : HHH000204: Processing PersistenceUnitInfo [name: default]
2025-05-22T01:00:55.031+05:45  INFO 50253 --- [PaymentProcessingSystem] [restartedMain] o.h.c.internal.RegionFactoryInitiator    : HHH000026: Second-level cache disabled
2025-05-22T01:00:55.045+05:45  INFO 50253 --- [PaymentProcessingSystem] [restartedMain] o.s.o.j.p.SpringPersistenceUnitInfo      : No LoadTimeWeaver setup: ignoring JPA class transformer
2025-05-22T01:00:55.046+05:45  INFO 50253 --- [PaymentProcessingSystem] [restartedMain] com.zaxxer.hikari.HikariDataSource       : HikariPool-3 - Starting...
2025-05-22T01:00:55.068+05:45  INFO 50253 --- [PaymentProcessingSystem] [restartedMain] com.zaxxer.hikari.pool.HikariPool        : HikariPool-3 - Added connection org.postgresql.jdbc.PgConnection@4d8a07ab
2025-05-22T01:00:55.068+05:45  INFO 50253 --- [PaymentProcessingSystem] [restartedMain] com.zaxxer.hikari.HikariDataSource       : HikariPool-3 - Start completed.
2025-05-22T01:00:55.178+05:45  INFO 50253 --- [PaymentProcessingSystem] [restartedMain] o.h.m.i.EntityInstantiatorPojoStandard   : HHH000182: No default (no-argument) constructor for class: com.payment.PaymentProcessingSystem.paypallogipn.IpnLogPayPal (class must be instantiated by Interceptor)
2025-05-22T01:00:55.221+05:45  INFO 50253 --- [PaymentProcessingSystem] [restartedMain] o.h.e.t.j.p.i.JtaPlatformInitiator       : HHH000489: No JTA platform available (set 'hibernate.transaction.jta.platform' to enable JTA platform integration)
2025-05-22T01:00:55.252+05:45  INFO 50253 --- [PaymentProcessingSystem] [restartedMain] j.LocalContainerEntityManagerFactoryBean : Initialized JPA EntityManagerFactory for persistence unit 'default'
2025-05-22T01:00:55.659+05:45  INFO 50253 --- [PaymentProcessingSystem] [restartedMain] eAuthenticationProviderManagerConfigurer : Global AuthenticationManager configured with AuthenticationProvider bean with name authenticationProvider
2025-05-22T01:00:55.659+05:45  WARN 50253 --- [PaymentProcessingSystem] [restartedMain] r$InitializeUserDetailsManagerConfigurer : Global AuthenticationManager configured with an AuthenticationProvider bean. UserDetailsService beans will not be used for username/password login. Consider removing the AuthenticationProvider bean. Alternatively, consider using the UserDetailsService in a manually instantiated DaoAuthenticationProvider.
2025-05-22T01:00:56.003+05:45  WARN 50253 --- [PaymentProcessingSystem] [restartedMain] JpaBaseConfiguration$JpaWebConfiguration : spring.jpa.open-in-view is enabled by default. Therefore, database queries may be performed during view rendering. Explicitly configure spring.jpa.open-in-view to disable this warning
2025-05-22T01:00:57.170+05:45  INFO 51066 --- [PaymentProcessingSystem] [main] .PaymentProcessingSystemApplicationTests : Starting PaymentProcessingSystemApplicationTests using Java 17.0.14 with PID 51066 (started by devs_kaushal in /home/devs_kaushal/Documents/projects/PaymentProcessingSystem)
2025-05-22T01:00:57.176+05:45  INFO 51066 --- [PaymentProcessingSystem] [main] .PaymentProcessingSystemApplicationTests : No active profile set, falling back to 1 default profile: "default"
2025-05-22T01:00:57.236+05:45  INFO 50253 --- [PaymentProcessingSystem] [restartedMain] o.s.b.d.a.OptionalLiveReloadServer       : LiveReload server is running on port 35729
2025-05-22T01:00:57.273+05:45  INFO 50253 --- [PaymentProcessingSystem] [restartedMain] o.s.b.w.embedded.tomcat.TomcatWebServer  : Tomcat started on port 8080 (http) with context path '/'
2025-05-22T01:00:57.291+05:45  INFO 50253 --- [PaymentProcessingSystem] [restartedMain] c.p.P.PaymentProcessingSystemApplication : Started PaymentProcessingSystemApplication in 3.474 seconds (process running for 213.954)
2025-05-22T01:00:57.298+05:45  INFO 50253 --- [PaymentProcessingSystem] [restartedMain] .ConditionEvaluationDeltaLoggingListener : Condition evaluation delta:


==========================
CONDITION EVALUATION DELTA
==========================


Positive matches:
-----------------

    None


Negative matches:
-----------------

   SpringBootWebSecurityConfiguration.SecurityFilterChainConfiguration:
      Did not match:
         - AllNestedConditions 1 matched 1 did not; NestedCondition on DefaultWebSecurityCondition.Beans @ConditionalOnMissingBean (types: org.springframework.security.web.SecurityFilterChain; SearchStrategy: all) found beans of type 'org.springframework.security.web.SecurityFilterChain' securityFilterChain; NestedCondition on DefaultWebSecurityCondition.Classes @ConditionalOnClass found required classes 'org.springframework.security.web.SecurityFilterChain', 'org.springframework.security.config.annotation.web.builders.HttpSecurity' (DefaultWebSecurityCondition)

   SpringBootWebSecurityConfiguration.WebSecurityEnablerConfiguration:
      Did not match:
         - @ConditionalOnMissingBean (names: springSecurityFilterChain; SearchStrategy: all) found beans named springSecurityFilterChain (OnBeanCondition)
      Matched:
         - @ConditionalOnClass found required class 'org.springframework.security.config.annotation.web.configuration.EnableWebSecurity' (OnClassCondition)

   UserDetailsServiceAutoConfiguration:
      Did not match:
         - @ConditionalOnMissingBean (types: org.springframework.security.authentication.AuthenticationManager,org.springframework.security.authentication.AuthenticationProvider,org.springframework.security.core.userdetails.UserDetailsService,org.springframework.security.authentication.AuthenticationManagerResolver,org.springframework.security.oauth2.jwt.JwtDecoder; SearchStrategy: all) found beans of type 'org.springframework.security.authentication.AuthenticationManager' authenticationManager and found beans of type 'org.springframework.security.core.userdetails.UserDetailsService' usersDetailService and found beans of type 'org.springframework.security.authentication.AuthenticationProvider' authenticationProvider (OnBeanCondition)
      Matched:
         - @ConditionalOnClass found required class 'org.springframework.security.authentication.AuthenticationManager' (OnClassCondition)
         - AnyNestedCondition 1 matched 2 did not; NestedCondition on UserDetailsServiceAutoConfiguration.MissingAlternativeOrUserPropertiesConfigured.PasswordConfigured @ConditionalOnProperty (spring.security.user.password) did not find property 'password'; NestedCondition on UserDetailsServiceAutoConfiguration.MissingAlternativeOrUserPropertiesConfigured.NameConfigured @ConditionalOnProperty (spring.security.user.name) did not find property 'name'; NestedCondition on UserDetailsServiceAutoConfiguration.MissingAlternativeOrUserPropertiesConfigured.MissingAlternative @ConditionalOnMissingClass did not find unwanted classes 'org.springframework.security.oauth2.client.registration.ClientRegistrationRepository', 'org.springframework.security.oauth2.server.resource.introspection.OpaqueTokenIntrospector', 'org.springframework.security.saml2.provider.service.registration.RelyingPartyRegistrationRepository' (UserDetailsServiceAutoConfiguration.MissingAlternativeOrUserPropertiesConfigured)


Exclusions:
-----------

    None


Unconditional classes:
----------------------

    None



2025-05-22T01:00:58.667+05:45  INFO 51066 --- [PaymentProcessingSystem] [main] .s.d.r.c.RepositoryConfigurationDelegate : Bootstrapping Spring Data JPA repositories in DEFAULT mode.
2025-05-22T01:00:58.768+05:45  INFO 51066 --- [PaymentProcessingSystem] [main] .s.d.r.c.RepositoryConfigurationDelegate : Finished Spring Data repository scanning in 89 ms. Found 3 JPA repository interfaces.
2025-05-22T01:01:00.085+05:45  INFO 51066 --- [PaymentProcessingSystem] [main] o.hibernate.jpa.internal.util.LogHelper  : HHH000204: Processing PersistenceUnitInfo [name: default]
2025-05-22T01:01:00.150+05:45  INFO 51066 --- [PaymentProcessingSystem] [main] org.hibernate.Version                    : HHH000412: Hibernate ORM core version 6.5.3.Final
2025-05-22T01:01:00.189+05:45  INFO 51066 --- [PaymentProcessingSystem] [main] o.h.c.internal.RegionFactoryInitiator    : HHH000026: Second-level cache disabled
2025-05-22T01:01:00.539+05:45  INFO 51066 --- [PaymentProcessingSystem] [main] o.s.o.j.p.SpringPersistenceUnitInfo      : No LoadTimeWeaver setup: ignoring JPA class transformer
2025-05-22T01:01:00.571+05:45  INFO 51066 --- [PaymentProcessingSystem] [main] com.zaxxer.hikari.HikariDataSource       : HikariPool-1 - Starting...
2025-05-22T01:01:00.808+05:45  INFO 51066 --- [PaymentProcessingSystem] [main] com.zaxxer.hikari.pool.HikariPool        : HikariPool-1 - Added connection org.postgresql.jdbc.PgConnection@11015ca0
2025-05-22T01:01:00.810+05:45  INFO 51066 --- [PaymentProcessingSystem] [main] com.zaxxer.hikari.HikariDataSource       : HikariPool-1 - Start completed.
2025-05-22T01:01:01.698+05:45  INFO 51066 --- [PaymentProcessingSystem] [main] o.h.m.i.EntityInstantiatorPojoStandard   : HHH000182: No default (no-argument) constructor for class: com.payment.PaymentProcessingSystem.paypallogipn.IpnLogPayPal (class must be instantiated by Interceptor)
2025-05-22T01:01:01.891+05:45  INFO 51066 --- [PaymentProcessingSystem] [main] o.h.e.t.j.p.i.JtaPlatformInitiator       : HHH000489: No JTA platform available (set 'hibernate.transaction.jta.platform' to enable JTA platform integration)
2025-05-22T01:01:01.951+05:45  INFO 51066 --- [PaymentProcessingSystem] [main] j.LocalContainerEntityManagerFactoryBean : Initialized JPA EntityManagerFactory for persistence unit 'default'
2025-05-22T01:01:02.780+05:45  INFO 51066 --- [PaymentProcessingSystem] [main] eAuthenticationProviderManagerConfigurer : Global AuthenticationManager configured with AuthenticationProvider bean with name authenticationProvider
2025-05-22T01:01:02.781+05:45  WARN 51066 --- [PaymentProcessingSystem] [main] r$InitializeUserDetailsManagerConfigurer : Global AuthenticationManager configured with an AuthenticationProvider bean. UserDetailsService beans will not be used for username/password login. Consider removing the AuthenticationProvider bean. Alternatively, consider using the UserDetailsService in a manually instantiated DaoAuthenticationProvider.
2025-05-22T01:01:03.218+05:45  WARN 51066 --- [PaymentProcessingSystem] [main] JpaBaseConfiguration$JpaWebConfiguration : spring.jpa.open-in-view is enabled by default. Therefore, database queries may be performed during view rendering. Explicitly configure spring.jpa.open-in-view to disable this warning
2025-05-22T01:01:04.841+05:45  INFO 51066 --- [PaymentProcessingSystem] [main] .PaymentProcessingSystemApplicationTests : Started PaymentProcessingSystemApplicationTests in 8.523 seconds (process running for 10.918)
2025-05-22T01:01:05.482+05:45  INFO 51066 --- [PaymentProcessingSystem] [SpringApplicationShutdownHook] j.LocalContainerEntityManagerFactoryBean : Closing JPA EntityManagerFactory for persistence unit 'default'
2025-05-22T01:01:05.485+05:45  INFO 51066 --- [PaymentProcessingSystem] [SpringApplicationShutdownHook] com.zaxxer.hikari.HikariDataSource       : HikariPool-1 - Shutdown initiated...
2025-05-22T01:01:05.506+05:45  INFO 51066 --- [PaymentProcessingSystem] [SpringApplicationShutdownHook] com.zaxxer.hikari.HikariDataSource       : HikariPool-1 - Shutdown completed.
2025-05-22T01:03:25.421+05:45  INFO 50253 --- [PaymentProcessingSystem] [File Watcher] rtingClassPathChangeChangedEventListener : Restarting due to 27 class path changes (0 additions, 26 deletions, 1 modification)
2025-05-22T01:03:25.442+05:45  INFO 50253 --- [PaymentProcessingSystem] [Thread-11] j.LocalContainerEntityManagerFactoryBean : Closing JPA EntityManagerFactory for persistence unit 'default'
2025-05-22T01:03:25.446+05:45  INFO 50253 --- [PaymentProcessingSystem] [Thread-11] com.zaxxer.hikari.HikariDataSource       : HikariPool-3 - Shutdown initiated...
2025-05-22T01:03:25.479+05:45  INFO 50253 --- [PaymentProcessingSystem] [Thread-11] com.zaxxer.hikari.HikariDataSource       : HikariPool-3 - Shutdown completed.
2025-05-22T01:03:25.701+05:45  INFO 50253 --- [PaymentProcessingSystem] [restartedMain] c.p.P.PaymentProcessingSystemApplication : Starting PaymentProcessingSystemApplication using Java 17.0.14 with PID 50253 (/home/devs_kaushal/Documents/projects/PaymentProcessingSystem/target/classes started by devs_kaushal in /home/devs_kaushal/Documents/projects/PaymentProcessingSystem)
2025-05-22T01:03:25.702+05:45  INFO 50253 --- [PaymentProcessingSystem] [restartedMain] c.p.P.PaymentProcessingSystemApplication : No active profile set, falling back to 1 default profile: "default"
2025-05-22T01:03:26.335+05:45  INFO 50253 --- [PaymentProcessingSystem] [restartedMain] .s.d.r.c.RepositoryConfigurationDelegate : Bootstrapping Spring Data JPA repositories in DEFAULT mode.
2025-05-22T01:03:26.342+05:45  INFO 50253 --- [PaymentProcessingSystem] [restartedMain] .s.d.r.c.RepositoryConfigurationDelegate : Finished Spring Data repository scanning in 1 ms. Found 0 JPA repository interfaces.
2025-05-22T01:03:26.789+05:45  INFO 50253 --- [PaymentProcessingSystem] [restartedMain] o.s.b.w.embedded.tomcat.TomcatWebServer  : Tomcat initialized with port 8080 (http)
2025-05-22T01:03:26.793+05:45  INFO 50253 --- [PaymentProcessingSystem] [restartedMain] o.apache.catalina.core.StandardService   : Starting service [Tomcat]
2025-05-22T01:03:26.794+05:45  INFO 50253 --- [PaymentProcessingSystem] [restartedMain] o.apache.catalina.core.StandardEngine    : Starting Servlet engine: [Apache Tomcat/10.1.40]
2025-05-22T01:03:26.826+05:45  INFO 50253 --- [PaymentProcessingSystem] [restartedMain] o.a.c.c.C.[Tomcat].[localhost].[/]       : Initializing Spring embedded WebApplicationContext
2025-05-22T01:03:26.831+05:45  INFO 50253 --- [PaymentProcessingSystem] [restartedMain] w.s.c.ServletWebServerApplicationContext : Root WebApplicationContext: initialization completed in 1122 ms
2025-05-22T01:03:27.214+05:45  INFO 50253 --- [PaymentProcessingSystem] [restartedMain] o.hibernate.jpa.internal.util.LogHelper  : HHH000204: Processing PersistenceUnitInfo [name: default]
2025-05-22T01:03:27.223+05:45  INFO 50253 --- [PaymentProcessingSystem] [restartedMain] o.h.c.internal.RegionFactoryInitiator    : HHH000026: Second-level cache disabled
2025-05-22T01:03:27.266+05:45  INFO 50253 --- [PaymentProcessingSystem] [restartedMain] o.s.o.j.p.SpringPersistenceUnitInfo      : No LoadTimeWeaver setup: ignoring JPA class transformer
2025-05-22T01:03:27.268+05:45  INFO 50253 --- [PaymentProcessingSystem] [restartedMain] com.zaxxer.hikari.HikariDataSource       : HikariPool-4 - Starting...
2025-05-22T01:03:27.311+05:45  INFO 50253 --- [PaymentProcessingSystem] [restartedMain] com.zaxxer.hikari.pool.HikariPool        : HikariPool-4 - Added connection org.postgresql.jdbc.PgConnection@7ca2844f
2025-05-22T01:03:27.311+05:45  INFO 50253 --- [PaymentProcessingSystem] [restartedMain] com.zaxxer.hikari.HikariDataSource       : HikariPool-4 - Start completed.
2025-05-22T01:03:27.340+05:45  INFO 50253 --- [PaymentProcessingSystem] [restartedMain] o.h.e.t.j.p.i.JtaPlatformInitiator       : HHH000489: No JTA platform available (set 'hibernate.transaction.jta.platform' to enable JTA platform integration)
2025-05-22T01:03:27.341+05:45  INFO 50253 --- [PaymentProcessingSystem] [restartedMain] j.LocalContainerEntityManagerFactoryBean : Initialized JPA EntityManagerFactory for persistence unit 'default'
2025-05-22T01:03:27.595+05:45  WARN 50253 --- [PaymentProcessingSystem] [restartedMain] JpaBaseConfiguration$JpaWebConfiguration : spring.jpa.open-in-view is enabled by default. Therefore, database queries may be performed during view rendering. Explicitly configure spring.jpa.open-in-view to disable this warning
2025-05-22T01:03:29.437+05:45  WARN 50253 --- [PaymentProcessingSystem] [restartedMain] .s.s.UserDetailsServiceAutoConfiguration : 

Using generated security password: 584f4647-441a-4ff5-a4bd-ad44101be6ab

This generated password is for development use only. Your security configuration must be updated before running your application in production.

2025-05-22T01:03:29.442+05:45  INFO 50253 --- [PaymentProcessingSystem] [restartedMain] r$InitializeUserDetailsManagerConfigurer : Global AuthenticationManager configured with UserDetailsService bean with name inMemoryUserDetailsManager
2025-05-22T01:03:29.868+05:45  INFO 50253 --- [PaymentProcessingSystem] [restartedMain] o.s.b.d.a.OptionalLiveReloadServer       : LiveReload server is running on port 35729
2025-05-22T01:03:29.914+05:45  INFO 50253 --- [PaymentProcessingSystem] [restartedMain] o.s.b.w.embedded.tomcat.TomcatWebServer  : Tomcat started on port 8080 (http) with context path '/'
2025-05-22T01:03:29.926+05:45  INFO 50253 --- [PaymentProcessingSystem] [restartedMain] c.p.P.PaymentProcessingSystemApplication : Started PaymentProcessingSystemApplication in 4.309 seconds (process running for 366.589)
2025-05-22T01:03:29.930+05:45  INFO 50253 --- [PaymentProcessingSystem] [restartedMain] .ConditionEvaluationDeltaLoggingListener : Condition evaluation delta:


==========================
CONDITION EVALUATION DELTA
==========================


Positive matches:
-----------------

   SpringBootWebSecurityConfiguration.SecurityFilterChainConfiguration matched:
      - AllNestedConditions 2 matched 0 did not; NestedCondition on DefaultWebSecurityCondition.Beans @ConditionalOnMissingBean (types: org.springframework.security.web.SecurityFilterChain; SearchStrategy: all) did not find any beans; NestedCondition on DefaultWebSecurityCondition.Classes @ConditionalOnClass found required classes 'org.springframework.security.web.SecurityFilterChain', 'org.springframework.security.config.annotation.web.builders.HttpSecurity' (DefaultWebSecurityCondition)

   SpringBootWebSecurityConfiguration.WebSecurityEnablerConfiguration matched:
      - @ConditionalOnClass found required class 'org.springframework.security.config.annotation.web.configuration.EnableWebSecurity' (OnClassCondition)
      - @ConditionalOnMissingBean (names: springSecurityFilterChain; SearchStrategy: all) did not find any beans (OnBeanCondition)

   UserDetailsServiceAutoConfiguration matched:
      - @ConditionalOnClass found required class 'org.springframework.security.authentication.AuthenticationManager' (OnClassCondition)
      - AnyNestedCondition 1 matched 2 did not; NestedCondition on UserDetailsServiceAutoConfiguration.MissingAlternativeOrUserPropertiesConfigured.PasswordConfigured @ConditionalOnProperty (spring.security.user.password) did not find property 'password'; NestedCondition on UserDetailsServiceAutoConfiguration.MissingAlternativeOrUserPropertiesConfigured.NameConfigured @ConditionalOnProperty (spring.security.user.name) did not find property 'name'; NestedCondition on UserDetailsServiceAutoConfiguration.MissingAlternativeOrUserPropertiesConfigured.MissingAlternative @ConditionalOnMissingClass did not find unwanted classes 'org.springframework.security.oauth2.client.registration.ClientRegistrationRepository', 'org.springframework.security.oauth2.server.resource.introspection.OpaqueTokenIntrospector', 'org.springframework.security.saml2.provider.service.registration.RelyingPartyRegistrationRepository' (UserDetailsServiceAutoConfiguration.MissingAlternativeOrUserPropertiesConfigured)
      - @ConditionalOnBean (types: org.springframework.security.config.annotation.ObjectPostProcessor; SearchStrategy: all) found bean 'objectPostProcessor'; @ConditionalOnMissingBean (types: org.springframework.security.authentication.AuthenticationManager,org.springframework.security.authentication.AuthenticationProvider,org.springframework.security.core.userdetails.UserDetailsService,org.springframework.security.authentication.AuthenticationManagerResolver,org.springframework.security.oauth2.jwt.JwtDecoder; SearchStrategy: all) did not find any beans (OnBeanCondition)


Negative matches:
-----------------

    None


Exclusions:
-----------

    None


Unconditional classes:
----------------------

    None



2025-05-22T01:03:31.268+05:45  INFO 50253 --- [PaymentProcessingSystem] [File Watcher] rtingClassPathChangeChangedEventListener : Restarting due to 26 class path changes (26 additions, 0 deletions, 0 modifications)
2025-05-22T01:03:31.273+05:45  INFO 50253 --- [PaymentProcessingSystem] [Thread-15] j.LocalContainerEntityManagerFactoryBean : Closing JPA EntityManagerFactory for persistence unit 'default'
2025-05-22T01:03:31.275+05:45  INFO 50253 --- [PaymentProcessingSystem] [Thread-15] com.zaxxer.hikari.HikariDataSource       : HikariPool-4 - Shutdown initiated...
2025-05-22T01:03:31.290+05:45  INFO 50253 --- [PaymentProcessingSystem] [Thread-15] com.zaxxer.hikari.HikariDataSource       : HikariPool-4 - Shutdown completed.
2025-05-22T01:03:31.428+05:45  INFO 50253 --- [PaymentProcessingSystem] [restartedMain] c.p.P.PaymentProcessingSystemApplication : Starting PaymentProcessingSystemApplication using Java 17.0.14 with PID 50253 (/home/devs_kaushal/Documents/projects/PaymentProcessingSystem/target/classes started by devs_kaushal in /home/devs_kaushal/Documents/projects/PaymentProcessingSystem)
2025-05-22T01:03:31.429+05:45  INFO 50253 --- [PaymentProcessingSystem] [restartedMain] c.p.P.PaymentProcessingSystemApplication : No active profile set, falling back to 1 default profile: "default"
2025-05-22T01:03:31.774+05:45  INFO 50253 --- [PaymentProcessingSystem] [restartedMain] .s.d.r.c.RepositoryConfigurationDelegate : Bootstrapping Spring Data JPA repositories in DEFAULT mode.
2025-05-22T01:03:31.793+05:45  INFO 50253 --- [PaymentProcessingSystem] [restartedMain] .s.d.r.c.RepositoryConfigurationDelegate : Finished Spring Data repository scanning in 18 ms. Found 3 JPA repository interfaces.
2025-05-22T01:03:32.148+05:45  INFO 50253 --- [PaymentProcessingSystem] [restartedMain] o.s.b.w.embedded.tomcat.TomcatWebServer  : Tomcat initialized with port 8080 (http)
2025-05-22T01:03:32.149+05:45  INFO 50253 --- [PaymentProcessingSystem] [restartedMain] o.apache.catalina.core.StandardService   : Starting service [Tomcat]
2025-05-22T01:03:32.150+05:45  INFO 50253 --- [PaymentProcessingSystem] [restartedMain] o.apache.catalina.core.StandardEngine    : Starting Servlet engine: [Apache Tomcat/10.1.40]
2025-05-22T01:03:32.163+05:45  INFO 50253 --- [PaymentProcessingSystem] [restartedMain] o.a.c.c.C.[Tomcat].[localhost].[/]       : Initializing Spring embedded WebApplicationContext
2025-05-22T01:03:32.164+05:45  INFO 50253 --- [PaymentProcessingSystem] [restartedMain] w.s.c.ServletWebServerApplicationContext : Root WebApplicationContext: initialization completed in 733 ms
2025-05-22T01:03:32.349+05:45  INFO 50253 --- [PaymentProcessingSystem] [restartedMain] o.hibernate.jpa.internal.util.LogHelper  : HHH000204: Processing PersistenceUnitInfo [name: default]
2025-05-22T01:03:32.355+05:45  INFO 50253 --- [PaymentProcessingSystem] [restartedMain] o.h.c.internal.RegionFactoryInitiator    : HHH000026: Second-level cache disabled
2025-05-22T01:03:32.371+05:45  INFO 50253 --- [PaymentProcessingSystem] [restartedMain] o.s.o.j.p.SpringPersistenceUnitInfo      : No LoadTimeWeaver setup: ignoring JPA class transformer
2025-05-22T01:03:32.375+05:45  INFO 50253 --- [PaymentProcessingSystem] [restartedMain] com.zaxxer.hikari.HikariDataSource       : HikariPool-5 - Starting...
2025-05-22T01:03:32.398+05:45  INFO 50253 --- [PaymentProcessingSystem] [restartedMain] com.zaxxer.hikari.pool.HikariPool        : HikariPool-5 - Added connection org.postgresql.jdbc.PgConnection@507ac97b
2025-05-22T01:03:32.398+05:45  INFO 50253 --- [PaymentProcessingSystem] [restartedMain] com.zaxxer.hikari.HikariDataSource       : HikariPool-5 - Start completed.
2025-05-22T01:03:32.493+05:45  INFO 50253 --- [PaymentProcessingSystem] [restartedMain] o.h.m.i.EntityInstantiatorPojoStandard   : HHH000182: No default (no-argument) constructor for class: com.payment.PaymentProcessingSystem.paypallogipn.IpnLogPayPal (class must be instantiated by Interceptor)
2025-05-22T01:03:32.536+05:45  INFO 50253 --- [PaymentProcessingSystem] [restartedMain] o.h.e.t.j.p.i.JtaPlatformInitiator       : HHH000489: No JTA platform available (set 'hibernate.transaction.jta.platform' to enable JTA platform integration)
2025-05-22T01:03:32.558+05:45  INFO 50253 --- [PaymentProcessingSystem] [restartedMain] j.LocalContainerEntityManagerFactoryBean : Initialized JPA EntityManagerFactory for persistence unit 'default'
2025-05-22T01:03:32.978+05:45  INFO 50253 --- [PaymentProcessingSystem] [restartedMain] eAuthenticationProviderManagerConfigurer : Global AuthenticationManager configured with AuthenticationProvider bean with name authenticationProvider
2025-05-22T01:03:32.979+05:45  WARN 50253 --- [PaymentProcessingSystem] [restartedMain] r$InitializeUserDetailsManagerConfigurer : Global AuthenticationManager configured with an AuthenticationProvider bean. UserDetailsService beans will not be used for username/password login. Consider removing the AuthenticationProvider bean. Alternatively, consider using the UserDetailsService in a manually instantiated DaoAuthenticationProvider.
2025-05-22T01:03:33.312+05:45  WARN 50253 --- [PaymentProcessingSystem] [restartedMain] JpaBaseConfiguration$JpaWebConfiguration : spring.jpa.open-in-view is enabled by default. Therefore, database queries may be performed during view rendering. Explicitly configure spring.jpa.open-in-view to disable this warning
2025-05-22T01:03:33.416+05:45  INFO 51929 --- [PaymentProcessingSystem] [main] .PaymentProcessingSystemApplicationTests : Starting PaymentProcessingSystemApplicationTests using Java 17.0.14 with PID 51929 (started by devs_kaushal in /home/devs_kaushal/Documents/projects/PaymentProcessingSystem)
2025-05-22T01:03:33.419+05:45  INFO 51929 --- [PaymentProcessingSystem] [main] .PaymentProcessingSystemApplicationTests : No active profile set, falling back to 1 default profile: "default"
2025-05-22T01:03:34.447+05:45  INFO 50253 --- [PaymentProcessingSystem] [restartedMain] o.s.b.d.a.OptionalLiveReloadServer       : LiveReload server is running on port 35729
2025-05-22T01:03:34.487+05:45  INFO 50253 --- [PaymentProcessingSystem] [restartedMain] o.s.b.w.embedded.tomcat.TomcatWebServer  : Tomcat started on port 8080 (http) with context path '/'
2025-05-22T01:03:34.496+05:45  INFO 50253 --- [PaymentProcessingSystem] [restartedMain] c.p.P.PaymentProcessingSystemApplication : Started PaymentProcessingSystemApplication in 3.109 seconds (process running for 371.159)
2025-05-22T01:03:34.498+05:45  INFO 50253 --- [PaymentProcessingSystem] [restartedMain] .ConditionEvaluationDeltaLoggingListener : Condition evaluation delta:


==========================
CONDITION EVALUATION DELTA
==========================


Positive matches:
-----------------

    None


Negative matches:
-----------------

   SpringBootWebSecurityConfiguration.SecurityFilterChainConfiguration:
      Did not match:
         - AllNestedConditions 1 matched 1 did not; NestedCondition on DefaultWebSecurityCondition.Beans @ConditionalOnMissingBean (types: org.springframework.security.web.SecurityFilterChain; SearchStrategy: all) found beans of type 'org.springframework.security.web.SecurityFilterChain' securityFilterChain; NestedCondition on DefaultWebSecurityCondition.Classes @ConditionalOnClass found required classes 'org.springframework.security.web.SecurityFilterChain', 'org.springframework.security.config.annotation.web.builders.HttpSecurity' (DefaultWebSecurityCondition)

   SpringBootWebSecurityConfiguration.WebSecurityEnablerConfiguration:
      Did not match:
         - @ConditionalOnMissingBean (names: springSecurityFilterChain; SearchStrategy: all) found beans named springSecurityFilterChain (OnBeanCondition)
      Matched:
         - @ConditionalOnClass found required class 'org.springframework.security.config.annotation.web.configuration.EnableWebSecurity' (OnClassCondition)

   UserDetailsServiceAutoConfiguration:
      Did not match:
         - @ConditionalOnMissingBean (types: org.springframework.security.authentication.AuthenticationManager,org.springframework.security.authentication.AuthenticationProvider,org.springframework.security.core.userdetails.UserDetailsService,org.springframework.security.authentication.AuthenticationManagerResolver,org.springframework.security.oauth2.jwt.JwtDecoder; SearchStrategy: all) found beans of type 'org.springframework.security.authentication.AuthenticationManager' authenticationManager and found beans of type 'org.springframework.security.core.userdetails.UserDetailsService' usersDetailService and found beans of type 'org.springframework.security.authentication.AuthenticationProvider' authenticationProvider (OnBeanCondition)
      Matched:
         - @ConditionalOnClass found required class 'org.springframework.security.authentication.AuthenticationManager' (OnClassCondition)
         - AnyNestedCondition 1 matched 2 did not; NestedCondition on UserDetailsServiceAutoConfiguration.MissingAlternativeOrUserPropertiesConfigured.PasswordConfigured @ConditionalOnProperty (spring.security.user.password) did not find property 'password'; NestedCondition on UserDetailsServiceAutoConfiguration.MissingAlternativeOrUserPropertiesConfigured.NameConfigured @ConditionalOnProperty (spring.security.user.name) did not find property 'name'; NestedCondition on UserDetailsServiceAutoConfiguration.MissingAlternativeOrUserPropertiesConfigured.MissingAlternative @ConditionalOnMissingClass did not find unwanted classes 'org.springframework.security.oauth2.client.registration.ClientRegistrationRepository', 'org.springframework.security.oauth2.server.resource.introspection.OpaqueTokenIntrospector', 'org.springframework.security.saml2.provider.service.registration.RelyingPartyRegistrationRepository' (UserDetailsServiceAutoConfiguration.MissingAlternativeOrUserPropertiesConfigured)


Exclusions:
-----------

    None


Unconditional classes:
----------------------

    None



2025-05-22T01:03:35.081+05:45  INFO 51929 --- [PaymentProcessingSystem] [main] .s.d.r.c.RepositoryConfigurationDelegate : Bootstrapping Spring Data JPA repositories in DEFAULT mode.
2025-05-22T01:03:35.184+05:45  INFO 51929 --- [PaymentProcessingSystem] [main] .s.d.r.c.RepositoryConfigurationDelegate : Finished Spring Data repository scanning in 76 ms. Found 3 JPA repository interfaces.
2025-05-22T01:03:36.324+05:45  INFO 51929 --- [PaymentProcessingSystem] [main] o.hibernate.jpa.internal.util.LogHelper  : HHH000204: Processing PersistenceUnitInfo [name: default]
2025-05-22T01:03:36.375+05:45  INFO 51929 --- [PaymentProcessingSystem] [main] org.hibernate.Version                    : HHH000412: Hibernate ORM core version 6.5.3.Final
2025-05-22T01:03:36.415+05:45  INFO 51929 --- [PaymentProcessingSystem] [main] o.h.c.internal.RegionFactoryInitiator    : HHH000026: Second-level cache disabled
2025-05-22T01:03:36.772+05:45  INFO 51929 --- [PaymentProcessingSystem] [main] o.s.o.j.p.SpringPersistenceUnitInfo      : No LoadTimeWeaver setup: ignoring JPA class transformer
2025-05-22T01:03:36.804+05:45  INFO 51929 --- [PaymentProcessingSystem] [main] com.zaxxer.hikari.HikariDataSource       : HikariPool-1 - Starting...
2025-05-22T01:03:37.009+05:45  INFO 51929 --- [PaymentProcessingSystem] [main] com.zaxxer.hikari.pool.HikariPool        : HikariPool-1 - Added connection org.postgresql.jdbc.PgConnection@43445fc6
2025-05-22T01:03:37.012+05:45  INFO 51929 --- [PaymentProcessingSystem] [main] com.zaxxer.hikari.HikariDataSource       : HikariPool-1 - Start completed.
2025-05-22T01:03:37.908+05:45  INFO 51929 --- [PaymentProcessingSystem] [main] o.h.m.i.EntityInstantiatorPojoStandard   : HHH000182: No default (no-argument) constructor for class: com.payment.PaymentProcessingSystem.paypallogipn.IpnLogPayPal (class must be instantiated by Interceptor)
2025-05-22T01:03:38.116+05:45  INFO 51929 --- [PaymentProcessingSystem] [main] o.h.e.t.j.p.i.JtaPlatformInitiator       : HHH000489: No JTA platform available (set 'hibernate.transaction.jta.platform' to enable JTA platform integration)
2025-05-22T01:03:38.178+05:45  INFO 51929 --- [PaymentProcessingSystem] [main] j.LocalContainerEntityManagerFactoryBean : Initialized JPA EntityManagerFactory for persistence unit 'default'
2025-05-22T01:03:39.021+05:45  INFO 51929 --- [PaymentProcessingSystem] [main] eAuthenticationProviderManagerConfigurer : Global AuthenticationManager configured with AuthenticationProvider bean with name authenticationProvider
2025-05-22T01:03:39.021+05:45  WARN 51929 --- [PaymentProcessingSystem] [main] r$InitializeUserDetailsManagerConfigurer : Global AuthenticationManager configured with an AuthenticationProvider bean. UserDetailsService beans will not be used for username/password login. Consider removing the AuthenticationProvider bean. Alternatively, consider using the UserDetailsService in a manually instantiated DaoAuthenticationProvider.
2025-05-22T01:03:39.498+05:45  WARN 51929 --- [PaymentProcessingSystem] [main] JpaBaseConfiguration$JpaWebConfiguration : spring.jpa.open-in-view is enabled by default. Therefore, database queries may be performed during view rendering. Explicitly configure spring.jpa.open-in-view to disable this warning
2025-05-22T01:03:41.177+05:45  INFO 51929 --- [PaymentProcessingSystem] [main] .PaymentProcessingSystemApplicationTests : Started PaymentProcessingSystemApplicationTests in 8.643 seconds (process running for 10.432)
2025-05-22T01:03:41.793+05:45  INFO 51929 --- [PaymentProcessingSystem] [SpringApplicationShutdownHook] j.LocalContainerEntityManagerFactoryBean : Closing JPA EntityManagerFactory for persistence unit 'default'
2025-05-22T01:03:41.799+05:45  INFO 51929 --- [PaymentProcessingSystem] [SpringApplicationShutdownHook] com.zaxxer.hikari.HikariDataSource       : HikariPool-1 - Shutdown initiated...
2025-05-22T01:03:41.810+05:45  INFO 51929 --- [PaymentProcessingSystem] [SpringApplicationShutdownHook] com.zaxxer.hikari.HikariDataSource       : HikariPool-1 - Shutdown completed.
2025-05-22T01:09:08.591+05:45  INFO 50253 --- [PaymentProcessingSystem] [File Watcher] rtingClassPathChangeChangedEventListener : Restarting due to 27 class path changes (0 additions, 26 deletions, 1 modification)
2025-05-22T01:09:08.599+05:45  INFO 50253 --- [PaymentProcessingSystem] [Thread-19] j.LocalContainerEntityManagerFactoryBean : Closing JPA EntityManagerFactory for persistence unit 'default'
2025-05-22T01:09:08.606+05:45  INFO 50253 --- [PaymentProcessingSystem] [Thread-19] com.zaxxer.hikari.HikariDataSource       : HikariPool-5 - Shutdown initiated...
2025-05-22T01:09:08.616+05:45  INFO 50253 --- [PaymentProcessingSystem] [Thread-19] com.zaxxer.hikari.HikariDataSource       : HikariPool-5 - Shutdown completed.
2025-05-22T01:09:08.846+05:45  INFO 50253 --- [PaymentProcessingSystem] [restartedMain] c.p.P.PaymentProcessingSystemApplication : Starting PaymentProcessingSystemApplication using Java 17.0.14 with PID 50253 (/home/devs_kaushal/Documents/projects/PaymentProcessingSystem/target/classes started by devs_kaushal in /home/devs_kaushal/Documents/projects/PaymentProcessingSystem)
2025-05-22T01:09:08.849+05:45  INFO 50253 --- [PaymentProcessingSystem] [restartedMain] c.p.P.PaymentProcessingSystemApplication : No active profile set, falling back to 1 default profile: "default"
2025-05-22T01:09:09.328+05:45  INFO 50253 --- [PaymentProcessingSystem] [restartedMain] .s.d.r.c.RepositoryConfigurationDelegate : Bootstrapping Spring Data JPA repositories in DEFAULT mode.
2025-05-22T01:09:09.330+05:45  INFO 50253 --- [PaymentProcessingSystem] [restartedMain] .s.d.r.c.RepositoryConfigurationDelegate : Finished Spring Data repository scanning in 0 ms. Found 0 JPA repository interfaces.
2025-05-22T01:09:09.928+05:45  INFO 50253 --- [PaymentProcessingSystem] [restartedMain] o.s.b.w.embedded.tomcat.TomcatWebServer  : Tomcat initialized with port 8080 (http)
2025-05-22T01:09:09.929+05:45  INFO 50253 --- [PaymentProcessingSystem] [restartedMain] o.apache.catalina.core.StandardService   : Starting service [Tomcat]
2025-05-22T01:09:09.930+05:45  INFO 50253 --- [PaymentProcessingSystem] [restartedMain] o.apache.catalina.core.StandardEngine    : Starting Servlet engine: [Apache Tomcat/10.1.40]
2025-05-22T01:09:09.959+05:45  INFO 50253 --- [PaymentProcessingSystem] [restartedMain] o.a.c.c.C.[Tomcat].[localhost].[/]       : Initializing Spring embedded WebApplicationContext
2025-05-22T01:09:09.963+05:45  INFO 50253 --- [PaymentProcessingSystem] [restartedMain] w.s.c.ServletWebServerApplicationContext : Root WebApplicationContext: initialization completed in 1112 ms
2025-05-22T01:09:10.192+05:45  INFO 50253 --- [PaymentProcessingSystem] [restartedMain] o.hibernate.jpa.internal.util.LogHelper  : HHH000204: Processing PersistenceUnitInfo [name: default]
2025-05-22T01:09:10.199+05:45  INFO 50253 --- [PaymentProcessingSystem] [restartedMain] o.h.c.internal.RegionFactoryInitiator    : HHH000026: Second-level cache disabled
2025-05-22T01:09:10.223+05:45  INFO 50253 --- [PaymentProcessingSystem] [restartedMain] o.s.o.j.p.SpringPersistenceUnitInfo      : No LoadTimeWeaver setup: ignoring JPA class transformer
2025-05-22T01:09:10.225+05:45  INFO 50253 --- [PaymentProcessingSystem] [restartedMain] com.zaxxer.hikari.HikariDataSource       : HikariPool-6 - Starting...
2025-05-22T01:09:10.276+05:45  INFO 50253 --- [PaymentProcessingSystem] [restartedMain] com.zaxxer.hikari.pool.HikariPool        : HikariPool-6 - Added connection org.postgresql.jdbc.PgConnection@4f772c1c
2025-05-22T01:09:10.276+05:45  INFO 50253 --- [PaymentProcessingSystem] [restartedMain] com.zaxxer.hikari.HikariDataSource       : HikariPool-6 - Start completed.
2025-05-22T01:09:10.330+05:45  INFO 50253 --- [PaymentProcessingSystem] [restartedMain] o.h.e.t.j.p.i.JtaPlatformInitiator       : HHH000489: No JTA platform available (set 'hibernate.transaction.jta.platform' to enable JTA platform integration)
2025-05-22T01:09:10.333+05:45  INFO 50253 --- [PaymentProcessingSystem] [restartedMain] j.LocalContainerEntityManagerFactoryBean : Initialized JPA EntityManagerFactory for persistence unit 'default'
2025-05-22T01:09:10.489+05:45  WARN 50253 --- [PaymentProcessingSystem] [restartedMain] JpaBaseConfiguration$JpaWebConfiguration : spring.jpa.open-in-view is enabled by default. Therefore, database queries may be performed during view rendering. Explicitly configure spring.jpa.open-in-view to disable this warning
2025-05-22T01:09:11.907+05:45  WARN 50253 --- [PaymentProcessingSystem] [restartedMain] .s.s.UserDetailsServiceAutoConfiguration : 

Using generated security password: 28da5027-e5a2-480c-a1ed-3ff95683f637

This generated password is for development use only. Your security configuration must be updated before running your application in production.

2025-05-22T01:09:11.924+05:45  INFO 50253 --- [PaymentProcessingSystem] [restartedMain] r$InitializeUserDetailsManagerConfigurer : Global AuthenticationManager configured with UserDetailsService bean with name inMemoryUserDetailsManager
2025-05-22T01:09:12.377+05:45  INFO 50253 --- [PaymentProcessingSystem] [restartedMain] o.s.b.d.a.OptionalLiveReloadServer       : LiveReload server is running on port 35729
2025-05-22T01:09:12.422+05:45  INFO 50253 --- [PaymentProcessingSystem] [restartedMain] o.s.b.w.embedded.tomcat.TomcatWebServer  : Tomcat started on port 8080 (http) with context path '/'
2025-05-22T01:09:12.430+05:45  INFO 50253 --- [PaymentProcessingSystem] [restartedMain] c.p.P.PaymentProcessingSystemApplication : Started PaymentProcessingSystemApplication in 3.626 seconds (process running for 709.093)
2025-05-22T01:09:12.433+05:45  INFO 50253 --- [PaymentProcessingSystem] [restartedMain] .ConditionEvaluationDeltaLoggingListener : Condition evaluation delta:


==========================
CONDITION EVALUATION DELTA
==========================


Positive matches:
-----------------

   SpringBootWebSecurityConfiguration.SecurityFilterChainConfiguration matched:
      - AllNestedConditions 2 matched 0 did not; NestedCondition on DefaultWebSecurityCondition.Beans @ConditionalOnMissingBean (types: org.springframework.security.web.SecurityFilterChain; SearchStrategy: all) did not find any beans; NestedCondition on DefaultWebSecurityCondition.Classes @ConditionalOnClass found required classes 'org.springframework.security.web.SecurityFilterChain', 'org.springframework.security.config.annotation.web.builders.HttpSecurity' (DefaultWebSecurityCondition)

   SpringBootWebSecurityConfiguration.WebSecurityEnablerConfiguration matched:
      - @ConditionalOnClass found required class 'org.springframework.security.config.annotation.web.configuration.EnableWebSecurity' (OnClassCondition)
      - @ConditionalOnMissingBean (names: springSecurityFilterChain; SearchStrategy: all) did not find any beans (OnBeanCondition)

   UserDetailsServiceAutoConfiguration matched:
      - @ConditionalOnClass found required class 'org.springframework.security.authentication.AuthenticationManager' (OnClassCondition)
      - AnyNestedCondition 1 matched 2 did not; NestedCondition on UserDetailsServiceAutoConfiguration.MissingAlternativeOrUserPropertiesConfigured.PasswordConfigured @ConditionalOnProperty (spring.security.user.password) did not find property 'password'; NestedCondition on UserDetailsServiceAutoConfiguration.MissingAlternativeOrUserPropertiesConfigured.NameConfigured @ConditionalOnProperty (spring.security.user.name) did not find property 'name'; NestedCondition on UserDetailsServiceAutoConfiguration.MissingAlternativeOrUserPropertiesConfigured.MissingAlternative @ConditionalOnMissingClass did not find unwanted classes 'org.springframework.security.oauth2.client.registration.ClientRegistrationRepository', 'org.springframework.security.oauth2.server.resource.introspection.OpaqueTokenIntrospector', 'org.springframework.security.saml2.provider.service.registration.RelyingPartyRegistrationRepository' (UserDetailsServiceAutoConfiguration.MissingAlternativeOrUserPropertiesConfigured)
      - @ConditionalOnBean (types: org.springframework.security.config.annotation.ObjectPostProcessor; SearchStrategy: all) found bean 'objectPostProcessor'; @ConditionalOnMissingBean (types: org.springframework.security.authentication.AuthenticationManager,org.springframework.security.authentication.AuthenticationProvider,org.springframework.security.core.userdetails.UserDetailsService,org.springframework.security.authentication.AuthenticationManagerResolver,org.springframework.security.oauth2.jwt.JwtDecoder; SearchStrategy: all) did not find any beans (OnBeanCondition)


Negative matches:
-----------------

    None


Exclusions:
-----------

    None


Unconditional classes:
----------------------

    None



2025-05-22T01:09:13.762+05:45  INFO 50253 --- [PaymentProcessingSystem] [File Watcher] rtingClassPathChangeChangedEventListener : Restarting due to 26 class path changes (26 additions, 0 deletions, 0 modifications)
2025-05-22T01:09:13.771+05:45  INFO 50253 --- [PaymentProcessingSystem] [Thread-23] j.LocalContainerEntityManagerFactoryBean : Closing JPA EntityManagerFactory for persistence unit 'default'
2025-05-22T01:09:13.775+05:45  INFO 50253 --- [PaymentProcessingSystem] [Thread-23] com.zaxxer.hikari.HikariDataSource       : HikariPool-6 - Shutdown initiated...
2025-05-22T01:09:13.791+05:45  INFO 50253 --- [PaymentProcessingSystem] [Thread-23] com.zaxxer.hikari.HikariDataSource       : HikariPool-6 - Shutdown completed.
2025-05-22T01:09:14.010+05:45  INFO 50253 --- [PaymentProcessingSystem] [restartedMain] c.p.P.PaymentProcessingSystemApplication : Starting PaymentProcessingSystemApplication using Java 17.0.14 with PID 50253 (/home/devs_kaushal/Documents/projects/PaymentProcessingSystem/target/classes started by devs_kaushal in /home/devs_kaushal/Documents/projects/PaymentProcessingSystem)
2025-05-22T01:09:14.016+05:45  INFO 50253 --- [PaymentProcessingSystem] [restartedMain] c.p.P.PaymentProcessingSystemApplication : No active profile set, falling back to 1 default profile: "default"
2025-05-22T01:09:14.497+05:45  INFO 50253 --- [PaymentProcessingSystem] [restartedMain] .s.d.r.c.RepositoryConfigurationDelegate : Bootstrapping Spring Data JPA repositories in DEFAULT mode.
2025-05-22T01:09:14.533+05:45  INFO 50253 --- [PaymentProcessingSystem] [restartedMain] .s.d.r.c.RepositoryConfigurationDelegate : Finished Spring Data repository scanning in 35 ms. Found 3 JPA repository interfaces.
2025-05-22T01:09:14.974+05:45  INFO 50253 --- [PaymentProcessingSystem] [restartedMain] o.s.b.w.embedded.tomcat.TomcatWebServer  : Tomcat initialized with port 8080 (http)
2025-05-22T01:09:14.976+05:45  INFO 50253 --- [PaymentProcessingSystem] [restartedMain] o.apache.catalina.core.StandardService   : Starting service [Tomcat]
2025-05-22T01:09:14.976+05:45  INFO 50253 --- [PaymentProcessingSystem] [restartedMain] o.apache.catalina.core.StandardEngine    : Starting Servlet engine: [Apache Tomcat/10.1.40]
2025-05-22T01:09:14.989+05:45  INFO 50253 --- [PaymentProcessingSystem] [restartedMain] o.a.c.c.C.[Tomcat].[localhost].[/]       : Initializing Spring embedded WebApplicationContext
2025-05-22T01:09:14.989+05:45  INFO 50253 --- [PaymentProcessingSystem] [restartedMain] w.s.c.ServletWebServerApplicationContext : Root WebApplicationContext: initialization completed in 970 ms
2025-05-22T01:09:15.210+05:45  INFO 50253 --- [PaymentProcessingSystem] [restartedMain] o.hibernate.jpa.internal.util.LogHelper  : HHH000204: Processing PersistenceUnitInfo [name: default]
2025-05-22T01:09:15.213+05:45  INFO 50253 --- [PaymentProcessingSystem] [restartedMain] o.h.c.internal.RegionFactoryInitiator    : HHH000026: Second-level cache disabled
2025-05-22T01:09:15.242+05:45  INFO 50253 --- [PaymentProcessingSystem] [restartedMain] o.s.o.j.p.SpringPersistenceUnitInfo      : No LoadTimeWeaver setup: ignoring JPA class transformer
2025-05-22T01:09:15.244+05:45  INFO 50253 --- [PaymentProcessingSystem] [restartedMain] com.zaxxer.hikari.HikariDataSource       : HikariPool-7 - Starting...
2025-05-22T01:09:15.270+05:45  INFO 50253 --- [PaymentProcessingSystem] [restartedMain] com.zaxxer.hikari.pool.HikariPool        : HikariPool-7 - Added connection org.postgresql.jdbc.PgConnection@4be5c087
2025-05-22T01:09:15.270+05:45  INFO 50253 --- [PaymentProcessingSystem] [restartedMain] com.zaxxer.hikari.HikariDataSource       : HikariPool-7 - Start completed.
2025-05-22T01:09:15.423+05:45  INFO 50253 --- [PaymentProcessingSystem] [restartedMain] o.h.m.i.EntityInstantiatorPojoStandard   : HHH000182: No default (no-argument) constructor for class: com.payment.PaymentProcessingSystem.paypallogipn.IpnLogPayPal (class must be instantiated by Interceptor)
2025-05-22T01:09:15.513+05:45  INFO 50253 --- [PaymentProcessingSystem] [restartedMain] o.h.e.t.j.p.i.JtaPlatformInitiator       : HHH000489: No JTA platform available (set 'hibernate.transaction.jta.platform' to enable JTA platform integration)
2025-05-22T01:09:15.541+05:45  INFO 50253 --- [PaymentProcessingSystem] [restartedMain] j.LocalContainerEntityManagerFactoryBean : Initialized JPA EntityManagerFactory for persistence unit 'default'
2025-05-22T01:09:16.149+05:45  INFO 50253 --- [PaymentProcessingSystem] [restartedMain] eAuthenticationProviderManagerConfigurer : Global AuthenticationManager configured with AuthenticationProvider bean with name authenticationProvider
2025-05-22T01:09:16.149+05:45  WARN 50253 --- [PaymentProcessingSystem] [restartedMain] r$InitializeUserDetailsManagerConfigurer : Global AuthenticationManager configured with an AuthenticationProvider bean. UserDetailsService beans will not be used for username/password login. Consider removing the AuthenticationProvider bean. Alternatively, consider using the UserDetailsService in a manually instantiated DaoAuthenticationProvider.
2025-05-22T01:09:16.539+05:45  WARN 50253 --- [PaymentProcessingSystem] [restartedMain] JpaBaseConfiguration$JpaWebConfiguration : spring.jpa.open-in-view is enabled by default. Therefore, database queries may be performed during view rendering. Explicitly configure spring.jpa.open-in-view to disable this warning
2025-05-22T01:09:17.953+05:45  INFO 50253 --- [PaymentProcessingSystem] [restartedMain] o.s.b.d.a.OptionalLiveReloadServer       : LiveReload server is running on port 35729
2025-05-22T01:09:18.000+05:45  INFO 50253 --- [PaymentProcessingSystem] [restartedMain] o.s.b.w.embedded.tomcat.TomcatWebServer  : Tomcat started on port 8080 (http) with context path '/'
2025-05-22T01:09:18.006+05:45  INFO 50253 --- [PaymentProcessingSystem] [restartedMain] c.p.P.PaymentProcessingSystemApplication : Started PaymentProcessingSystemApplication in 4.06 seconds (process running for 714.669)
2025-05-22T01:09:18.008+05:45  INFO 50253 --- [PaymentProcessingSystem] [restartedMain] .ConditionEvaluationDeltaLoggingListener : Condition evaluation delta:


==========================
CONDITION EVALUATION DELTA
==========================


Positive matches:
-----------------

    None


Negative matches:
-----------------

   SpringBootWebSecurityConfiguration.SecurityFilterChainConfiguration:
      Did not match:
         - AllNestedConditions 1 matched 1 did not; NestedCondition on DefaultWebSecurityCondition.Beans @ConditionalOnMissingBean (types: org.springframework.security.web.SecurityFilterChain; SearchStrategy: all) found beans of type 'org.springframework.security.web.SecurityFilterChain' securityFilterChain; NestedCondition on DefaultWebSecurityCondition.Classes @ConditionalOnClass found required classes 'org.springframework.security.web.SecurityFilterChain', 'org.springframework.security.config.annotation.web.builders.HttpSecurity' (DefaultWebSecurityCondition)

   SpringBootWebSecurityConfiguration.WebSecurityEnablerConfiguration:
      Did not match:
         - @ConditionalOnMissingBean (names: springSecurityFilterChain; SearchStrategy: all) found beans named springSecurityFilterChain (OnBeanCondition)
      Matched:
         - @ConditionalOnClass found required class 'org.springframework.security.config.annotation.web.configuration.EnableWebSecurity' (OnClassCondition)

   UserDetailsServiceAutoConfiguration:
      Did not match:
         - @ConditionalOnMissingBean (types: org.springframework.security.authentication.AuthenticationManager,org.springframework.security.authentication.AuthenticationProvider,org.springframework.security.core.userdetails.UserDetailsService,org.springframework.security.authentication.AuthenticationManagerResolver,org.springframework.security.oauth2.jwt.JwtDecoder; SearchStrategy: all) found beans of type 'org.springframework.security.authentication.AuthenticationManager' authenticationManager and found beans of type 'org.springframework.security.core.userdetails.UserDetailsService' usersDetailService and found beans of type 'org.springframework.security.authentication.AuthenticationProvider' authenticationProvider (OnBeanCondition)
      Matched:
         - @ConditionalOnClass found required class 'org.springframework.security.authentication.AuthenticationManager' (OnClassCondition)
         - AnyNestedCondition 1 matched 2 did not; NestedCondition on UserDetailsServiceAutoConfiguration.MissingAlternativeOrUserPropertiesConfigured.PasswordConfigured @ConditionalOnProperty (spring.security.user.password) did not find property 'password'; NestedCondition on UserDetailsServiceAutoConfiguration.MissingAlternativeOrUserPropertiesConfigured.NameConfigured @ConditionalOnProperty (spring.security.user.name) did not find property 'name'; NestedCondition on UserDetailsServiceAutoConfiguration.MissingAlternativeOrUserPropertiesConfigured.MissingAlternative @ConditionalOnMissingClass did not find unwanted classes 'org.springframework.security.oauth2.client.registration.ClientRegistrationRepository', 'org.springframework.security.oauth2.server.resource.introspection.OpaqueTokenIntrospector', 'org.springframework.security.saml2.provider.service.registration.RelyingPartyRegistrationRepository' (UserDetailsServiceAutoConfiguration.MissingAlternativeOrUserPropertiesConfigured)


Exclusions:
-----------

    None


Unconditional classes:
----------------------

    None



2025-05-22T01:09:18.559+05:45  INFO 52912 --- [PaymentProcessingSystem] [main] .PaymentProcessingSystemApplicationTests : Starting PaymentProcessingSystemApplicationTests using Java 17.0.14 with PID 52912 (started by devs_kaushal in /home/devs_kaushal/Documents/projects/PaymentProcessingSystem)
2025-05-22T01:09:18.561+05:45  INFO 52912 --- [PaymentProcessingSystem] [main] .PaymentProcessingSystemApplicationTests : No active profile set, falling back to 1 default profile: "default"
2025-05-22T01:09:19.888+05:45  INFO 52912 --- [PaymentProcessingSystem] [main] .s.d.r.c.RepositoryConfigurationDelegate : Bootstrapping Spring Data JPA repositories in DEFAULT mode.
2025-05-22T01:09:20.005+05:45  INFO 52912 --- [PaymentProcessingSystem] [main] .s.d.r.c.RepositoryConfigurationDelegate : Finished Spring Data repository scanning in 98 ms. Found 3 JPA repository interfaces.
2025-05-22T01:09:21.453+05:45  INFO 52912 --- [PaymentProcessingSystem] [main] o.hibernate.jpa.internal.util.LogHelper  : HHH000204: Processing PersistenceUnitInfo [name: default]
2025-05-22T01:09:21.527+05:45  INFO 52912 --- [PaymentProcessingSystem] [main] org.hibernate.Version                    : HHH000412: Hibernate ORM core version 6.5.3.Final
2025-05-22T01:09:21.566+05:45  INFO 52912 --- [PaymentProcessingSystem] [main] o.h.c.internal.RegionFactoryInitiator    : HHH000026: Second-level cache disabled
2025-05-22T01:09:21.965+05:45  INFO 52912 --- [PaymentProcessingSystem] [main] o.s.o.j.p.SpringPersistenceUnitInfo      : No LoadTimeWeaver setup: ignoring JPA class transformer
2025-05-22T01:09:22.027+05:45  INFO 52912 --- [PaymentProcessingSystem] [main] com.zaxxer.hikari.HikariDataSource       : HikariPool-1 - Starting...
2025-05-22T01:09:22.317+05:45  INFO 52912 --- [PaymentProcessingSystem] [main] com.zaxxer.hikari.pool.HikariPool        : HikariPool-1 - Added connection org.postgresql.jdbc.PgConnection@4fdac2a7
2025-05-22T01:09:22.321+05:45  INFO 52912 --- [PaymentProcessingSystem] [main] com.zaxxer.hikari.HikariDataSource       : HikariPool-1 - Start completed.
2025-05-22T01:09:23.524+05:45  INFO 52912 --- [PaymentProcessingSystem] [main] o.h.m.i.EntityInstantiatorPojoStandard   : HHH000182: No default (no-argument) constructor for class: com.payment.PaymentProcessingSystem.paypallogipn.IpnLogPayPal (class must be instantiated by Interceptor)
2025-05-22T01:09:23.752+05:45  INFO 52912 --- [PaymentProcessingSystem] [main] o.h.e.t.j.p.i.JtaPlatformInitiator       : HHH000489: No JTA platform available (set 'hibernate.transaction.jta.platform' to enable JTA platform integration)
2025-05-22T01:09:23.837+05:45  INFO 52912 --- [PaymentProcessingSystem] [main] j.LocalContainerEntityManagerFactoryBean : Initialized JPA EntityManagerFactory for persistence unit 'default'
2025-05-22T01:09:24.845+05:45  INFO 52912 --- [PaymentProcessingSystem] [main] eAuthenticationProviderManagerConfigurer : Global AuthenticationManager configured with AuthenticationProvider bean with name authenticationProvider
2025-05-22T01:09:24.846+05:45  WARN 52912 --- [PaymentProcessingSystem] [main] r$InitializeUserDetailsManagerConfigurer : Global AuthenticationManager configured with an AuthenticationProvider bean. UserDetailsService beans will not be used for username/password login. Consider removing the AuthenticationProvider bean. Alternatively, consider using the UserDetailsService in a manually instantiated DaoAuthenticationProvider.
2025-05-22T01:09:25.422+05:45  WARN 52912 --- [PaymentProcessingSystem] [main] JpaBaseConfiguration$JpaWebConfiguration : spring.jpa.open-in-view is enabled by default. Therefore, database queries may be performed during view rendering. Explicitly configure spring.jpa.open-in-view to disable this warning
2025-05-22T01:09:27.439+05:45  INFO 52912 --- [PaymentProcessingSystem] [main] .PaymentProcessingSystemApplicationTests : Started PaymentProcessingSystemApplicationTests in 9.909 seconds (process running for 12.927)
2025-05-22T01:09:28.226+05:45  INFO 52912 --- [PaymentProcessingSystem] [SpringApplicationShutdownHook] j.LocalContainerEntityManagerFactoryBean : Closing JPA EntityManagerFactory for persistence unit 'default'
2025-05-22T01:09:28.230+05:45  INFO 52912 --- [PaymentProcessingSystem] [SpringApplicationShutdownHook] com.zaxxer.hikari.HikariDataSource       : HikariPool-1 - Shutdown initiated...
2025-05-22T01:09:28.249+05:45  INFO 52912 --- [PaymentProcessingSystem] [SpringApplicationShutdownHook] com.zaxxer.hikari.HikariDataSource       : HikariPool-1 - Shutdown completed.
2025-05-22T01:12:11.244+05:45  INFO 53176 --- [PaymentProcessingSystem] [main] c.p.P.PaymentProcessingSystemApplication : Starting PaymentProcessingSystemApplication v0.0.1-SNAPSHOT using Java 17.0.14 with PID 53176 (/home/devs_kaushal/Documents/projects/PaymentProcessingSystem/target/PaymentProcessingSystem-0.0.1-SNAPSHOT.jar started by devs_kaushal in /home/devs_kaushal/Documents/projects/PaymentProcessingSystem)
2025-05-22T01:12:11.255+05:45  INFO 53176 --- [PaymentProcessingSystem] [main] c.p.P.PaymentProcessingSystemApplication : No active profile set, falling back to 1 default profile: "default"
2025-05-22T01:12:13.066+05:45  INFO 53176 --- [PaymentProcessingSystem] [main] .s.d.r.c.RepositoryConfigurationDelegate : Bootstrapping Spring Data JPA repositories in DEFAULT mode.
2025-05-22T01:12:13.176+05:45  INFO 53176 --- [PaymentProcessingSystem] [main] .s.d.r.c.RepositoryConfigurationDelegate : Finished Spring Data repository scanning in 93 ms. Found 3 JPA repository interfaces.
2025-05-22T01:12:14.975+05:45  INFO 53176 --- [PaymentProcessingSystem] [main] o.s.b.w.embedded.tomcat.TomcatWebServer  : Tomcat initialized with port 8080 (http)
2025-05-22T01:12:15.004+05:45  INFO 53176 --- [PaymentProcessingSystem] [main] o.apache.catalina.core.StandardService   : Starting service [Tomcat]
2025-05-22T01:12:15.005+05:45  INFO 53176 --- [PaymentProcessingSystem] [main] o.apache.catalina.core.StandardEngine    : Starting Servlet engine: [Apache Tomcat/10.1.40]
2025-05-22T01:12:15.125+05:45  INFO 53176 --- [PaymentProcessingSystem] [main] o.a.c.c.C.[Tomcat].[localhost].[/]       : Initializing Spring embedded WebApplicationContext
2025-05-22T01:12:15.128+05:45  INFO 53176 --- [PaymentProcessingSystem] [main] w.s.c.ServletWebServerApplicationContext : Root WebApplicationContext: initialization completed in 3747 ms
2025-05-22T01:12:15.771+05:45  INFO 53176 --- [PaymentProcessingSystem] [main] o.hibernate.jpa.internal.util.LogHelper  : HHH000204: Processing PersistenceUnitInfo [name: default]
2025-05-22T01:12:15.894+05:45  INFO 53176 --- [PaymentProcessingSystem] [main] org.hibernate.Version                    : HHH000412: Hibernate ORM core version 6.5.3.Final
2025-05-22T01:12:16.005+05:45  INFO 53176 --- [PaymentProcessingSystem] [main] o.h.c.internal.RegionFactoryInitiator    : HHH000026: Second-level cache disabled
2025-05-22T01:12:16.566+05:45  INFO 53176 --- [PaymentProcessingSystem] [main] o.s.o.j.p.SpringPersistenceUnitInfo      : No LoadTimeWeaver setup: ignoring JPA class transformer
2025-05-22T01:12:16.649+05:45  INFO 53176 --- [PaymentProcessingSystem] [main] com.zaxxer.hikari.HikariDataSource       : HikariPool-1 - Starting...
2025-05-22T01:12:17.013+05:45  INFO 53176 --- [PaymentProcessingSystem] [main] com.zaxxer.hikari.pool.HikariPool        : HikariPool-1 - Added connection org.postgresql.jdbc.PgConnection@3f45dfec
2025-05-22T01:12:17.016+05:45  INFO 53176 --- [PaymentProcessingSystem] [main] com.zaxxer.hikari.HikariDataSource       : HikariPool-1 - Start completed.
2025-05-22T01:12:18.205+05:45  INFO 53176 --- [PaymentProcessingSystem] [main] o.h.m.i.EntityInstantiatorPojoStandard   : HHH000182: No default (no-argument) constructor for class: com.payment.PaymentProcessingSystem.paypallogipn.IpnLogPayPal (class must be instantiated by Interceptor)
2025-05-22T01:12:18.477+05:45  INFO 53176 --- [PaymentProcessingSystem] [main] o.h.e.t.j.p.i.JtaPlatformInitiator       : HHH000489: No JTA platform available (set 'hibernate.transaction.jta.platform' to enable JTA platform integration)
2025-05-22T01:12:18.530+05:45  INFO 53176 --- [PaymentProcessingSystem] [main] j.LocalContainerEntityManagerFactoryBean : Initialized JPA EntityManagerFactory for persistence unit 'default'
2025-05-22T01:12:20.061+05:45  INFO 53176 --- [PaymentProcessingSystem] [main] eAuthenticationProviderManagerConfigurer : Global AuthenticationManager configured with AuthenticationProvider bean with name authenticationProvider
2025-05-22T01:12:20.062+05:45  WARN 53176 --- [PaymentProcessingSystem] [main] r$InitializeUserDetailsManagerConfigurer : Global AuthenticationManager configured with an AuthenticationProvider bean. UserDetailsService beans will not be used for username/password login. Consider removing the AuthenticationProvider bean. Alternatively, consider using the UserDetailsService in a manually instantiated DaoAuthenticationProvider.
2025-05-22T01:12:20.212+05:45  WARN 53176 --- [PaymentProcessingSystem] [main] JpaBaseConfiguration$JpaWebConfiguration : spring.jpa.open-in-view is enabled by default. Therefore, database queries may be performed during view rendering. Explicitly configure spring.jpa.open-in-view to disable this warning
2025-05-22T01:12:22.216+05:45  WARN 53176 --- [PaymentProcessingSystem] [main] ConfigServletWebServerApplicationContext : Exception encountered during context initialization - cancelling refresh attempt: org.springframework.context.ApplicationContextException: Failed to start bean 'webServerStartStop'
2025-05-22T01:12:22.221+05:45  INFO 53176 --- [PaymentProcessingSystem] [main] j.LocalContainerEntityManagerFactoryBean : Closing JPA EntityManagerFactory for persistence unit 'default'
2025-05-22T01:12:22.224+05:45  INFO 53176 --- [PaymentProcessingSystem] [main] com.zaxxer.hikari.HikariDataSource       : HikariPool-1 - Shutdown initiated...
2025-05-22T01:12:22.243+05:45  INFO 53176 --- [PaymentProcessingSystem] [main] com.zaxxer.hikari.HikariDataSource       : HikariPool-1 - Shutdown completed.
2025-05-22T01:12:22.300+05:45  INFO 53176 --- [PaymentProcessingSystem] [main] .s.b.a.l.ConditionEvaluationReportLogger : 

Error starting ApplicationContext. To display the condition evaluation report re-run your application with 'debug' enabled.
2025-05-22T01:12:22.351+05:45 ERROR 53176 --- [PaymentProcessingSystem] [main] o.s.b.d.LoggingFailureAnalysisReporter   : 

***************************
APPLICATION FAILED TO START
***************************

Description:

Web server failed to start. Port 8080 was already in use.

Action:

Identify and stop the process that's listening on port 8080 or configure this application to listen on another port.

2025-05-22T01:12:39.994+05:45  INFO 50253 --- [PaymentProcessingSystem] [SpringApplicationShutdownHook] j.LocalContainerEntityManagerFactoryBean : Closing JPA EntityManagerFactory for persistence unit 'default'
2025-05-22T01:12:39.995+05:45  INFO 50253 --- [PaymentProcessingSystem] [SpringApplicationShutdownHook] com.zaxxer.hikari.HikariDataSource       : HikariPool-7 - Shutdown initiated...
2025-05-22T01:12:40.003+05:45  INFO 50253 --- [PaymentProcessingSystem] [SpringApplicationShutdownHook] com.zaxxer.hikari.HikariDataSource       : HikariPool-7 - Shutdown completed.
2025-05-22T01:12:51.710+05:45  INFO 53288 --- [PaymentProcessingSystem] [main] c.p.P.PaymentProcessingSystemApplication : Starting PaymentProcessingSystemApplication v0.0.1-SNAPSHOT using Java 17.0.14 with PID 53288 (/home/devs_kaushal/Documents/projects/PaymentProcessingSystem/target/PaymentProcessingSystem-0.0.1-SNAPSHOT.jar started by devs_kaushal in /home/devs_kaushal/Documents/projects/PaymentProcessingSystem)
2025-05-22T01:12:51.718+05:45  INFO 53288 --- [PaymentProcessingSystem] [main] c.p.P.PaymentProcessingSystemApplication : No active profile set, falling back to 1 default profile: "default"
2025-05-22T01:12:53.558+05:45  INFO 53288 --- [PaymentProcessingSystem] [main] .s.d.r.c.RepositoryConfigurationDelegate : Bootstrapping Spring Data JPA repositories in DEFAULT mode.
2025-05-22T01:12:53.698+05:45  INFO 53288 --- [PaymentProcessingSystem] [main] .s.d.r.c.RepositoryConfigurationDelegate : Finished Spring Data repository scanning in 109 ms. Found 3 JPA repository interfaces.
2025-05-22T01:12:55.513+05:45  INFO 53288 --- [PaymentProcessingSystem] [main] o.s.b.w.embedded.tomcat.TomcatWebServer  : Tomcat initialized with port 8080 (http)
2025-05-22T01:12:55.537+05:45  INFO 53288 --- [PaymentProcessingSystem] [main] o.apache.catalina.core.StandardService   : Starting service [Tomcat]
2025-05-22T01:12:55.537+05:45  INFO 53288 --- [PaymentProcessingSystem] [main] o.apache.catalina.core.StandardEngine    : Starting Servlet engine: [Apache Tomcat/10.1.40]
2025-05-22T01:12:55.625+05:45  INFO 53288 --- [PaymentProcessingSystem] [main] o.a.c.c.C.[Tomcat].[localhost].[/]       : Initializing Spring embedded WebApplicationContext
2025-05-22T01:12:55.627+05:45  INFO 53288 --- [PaymentProcessingSystem] [main] w.s.c.ServletWebServerApplicationContext : Root WebApplicationContext: initialization completed in 3792 ms
2025-05-22T01:12:56.251+05:45  INFO 53288 --- [PaymentProcessingSystem] [main] o.hibernate.jpa.internal.util.LogHelper  : HHH000204: Processing PersistenceUnitInfo [name: default]
2025-05-22T01:12:56.351+05:45  INFO 53288 --- [PaymentProcessingSystem] [main] org.hibernate.Version                    : HHH000412: Hibernate ORM core version 6.5.3.Final
2025-05-22T01:12:56.435+05:45  INFO 53288 --- [PaymentProcessingSystem] [main] o.h.c.internal.RegionFactoryInitiator    : HHH000026: Second-level cache disabled
2025-05-22T01:12:56.931+05:45  INFO 53288 --- [PaymentProcessingSystem] [main] o.s.o.j.p.SpringPersistenceUnitInfo      : No LoadTimeWeaver setup: ignoring JPA class transformer
2025-05-22T01:12:57.000+05:45  INFO 53288 --- [PaymentProcessingSystem] [main] com.zaxxer.hikari.HikariDataSource       : HikariPool-1 - Starting...
2025-05-22T01:12:57.255+05:45  INFO 53288 --- [PaymentProcessingSystem] [main] com.zaxxer.hikari.pool.HikariPool        : HikariPool-1 - Added connection org.postgresql.jdbc.PgConnection@5df7a065
2025-05-22T01:12:57.259+05:45  INFO 53288 --- [PaymentProcessingSystem] [main] com.zaxxer.hikari.HikariDataSource       : HikariPool-1 - Start completed.
2025-05-22T01:12:58.507+05:45  INFO 53288 --- [PaymentProcessingSystem] [main] o.h.m.i.EntityInstantiatorPojoStandard   : HHH000182: No default (no-argument) constructor for class: com.payment.PaymentProcessingSystem.paypallogipn.IpnLogPayPal (class must be instantiated by Interceptor)
2025-05-22T01:12:58.789+05:45  INFO 53288 --- [PaymentProcessingSystem] [main] o.h.e.t.j.p.i.JtaPlatformInitiator       : HHH000489: No JTA platform available (set 'hibernate.transaction.jta.platform' to enable JTA platform integration)
2025-05-22T01:12:58.869+05:45  INFO 53288 --- [PaymentProcessingSystem] [main] j.LocalContainerEntityManagerFactoryBean : Initialized JPA EntityManagerFactory for persistence unit 'default'
2025-05-22T01:13:00.428+05:45  INFO 53288 --- [PaymentProcessingSystem] [main] eAuthenticationProviderManagerConfigurer : Global AuthenticationManager configured with AuthenticationProvider bean with name authenticationProvider
2025-05-22T01:13:00.428+05:45  WARN 53288 --- [PaymentProcessingSystem] [main] r$InitializeUserDetailsManagerConfigurer : Global AuthenticationManager configured with an AuthenticationProvider bean. UserDetailsService beans will not be used for username/password login. Consider removing the AuthenticationProvider bean. Alternatively, consider using the UserDetailsService in a manually instantiated DaoAuthenticationProvider.
2025-05-22T01:13:00.611+05:45  WARN 53288 --- [PaymentProcessingSystem] [main] JpaBaseConfiguration$JpaWebConfiguration : spring.jpa.open-in-view is enabled by default. Therefore, database queries may be performed during view rendering. Explicitly configure spring.jpa.open-in-view to disable this warning
2025-05-22T01:13:02.559+05:45  INFO 53288 --- [PaymentProcessingSystem] [main] o.s.b.w.embedded.tomcat.TomcatWebServer  : Tomcat started on port 8080 (http) with context path '/'
2025-05-22T01:13:02.578+05:45  INFO 53288 --- [PaymentProcessingSystem] [main] c.p.P.PaymentProcessingSystemApplication : Started PaymentProcessingSystemApplication in 11.897 seconds (process running for 12.833)
2025-05-22T01:13:22.950+05:45  INFO 53288 --- [PaymentProcessingSystem] [SpringApplicationShutdownHook] j.LocalContainerEntityManagerFactoryBean : Closing JPA EntityManagerFactory for persistence unit 'default'
2025-05-22T01:13:22.958+05:45  INFO 53288 --- [PaymentProcessingSystem] [SpringApplicationShutdownHook] com.zaxxer.hikari.HikariDataSource       : HikariPool-1 - Shutdown initiated...
2025-05-22T01:13:22.972+05:45  INFO 53288 --- [PaymentProcessingSystem] [SpringApplicationShutdownHook] com.zaxxer.hikari.HikariDataSource       : HikariPool-1 - Shutdown completed.
2025-05-22T08:46:46.673+05:45  INFO 8511 --- [PaymentProcessingSystem] [main] c.p.P.PaymentProcessingSystemApplication : Starting PaymentProcessingSystemApplication v0.0.1-SNAPSHOT using Java 17.0.14 with PID 8511 (/home/devs_kaushal/Documents/projects/PaymentProcessingSystem/target/PaymentProcessingSystem-0.0.1-SNAPSHOT.jar started by devs_kaushal in /home/devs_kaushal/Documents/projects/PaymentProcessingSystem)
2025-05-22T08:46:46.691+05:45  INFO 8511 --- [PaymentProcessingSystem] [main] c.p.P.PaymentProcessingSystemApplication : No active profile set, falling back to 1 default profile: "default"
2025-05-22T08:46:51.389+05:45  INFO 8511 --- [PaymentProcessingSystem] [main] .s.d.r.c.RepositoryConfigurationDelegate : Bootstrapping Spring Data JPA repositories in DEFAULT mode.
2025-05-22T08:46:51.778+05:45  INFO 8511 --- [PaymentProcessingSystem] [main] .s.d.r.c.RepositoryConfigurationDelegate : Finished Spring Data repository scanning in 357 ms. Found 3 JPA repository interfaces.
2025-05-22T08:46:56.657+05:45  INFO 8511 --- [PaymentProcessingSystem] [main] o.s.b.w.embedded.tomcat.TomcatWebServer  : Tomcat initialized with port 8080 (http)
2025-05-22T08:46:56.708+05:45  INFO 8511 --- [PaymentProcessingSystem] [main] o.apache.catalina.core.StandardService   : Starting service [Tomcat]
2025-05-22T08:46:56.709+05:45  INFO 8511 --- [PaymentProcessingSystem] [main] o.apache.catalina.core.StandardEngine    : Starting Servlet engine: [Apache Tomcat/10.1.40]
2025-05-22T08:46:56.849+05:45  INFO 8511 --- [PaymentProcessingSystem] [main] o.a.c.c.C.[Tomcat].[localhost].[/]       : Initializing Spring embedded WebApplicationContext
2025-05-22T08:46:56.853+05:45  INFO 8511 --- [PaymentProcessingSystem] [main] w.s.c.ServletWebServerApplicationContext : Root WebApplicationContext: initialization completed in 9924 ms
2025-05-22T08:46:58.432+05:45  INFO 8511 --- [PaymentProcessingSystem] [main] o.hibernate.jpa.internal.util.LogHelper  : HHH000204: Processing PersistenceUnitInfo [name: default]
2025-05-22T08:46:58.761+05:45  INFO 8511 --- [PaymentProcessingSystem] [main] org.hibernate.Version                    : HHH000412: Hibernate ORM core version 6.5.3.Final
2025-05-22T08:46:58.933+05:45  INFO 8511 --- [PaymentProcessingSystem] [main] o.h.c.internal.RegionFactoryInitiator    : HHH000026: Second-level cache disabled
2025-05-22T08:47:00.526+05:45  INFO 8511 --- [PaymentProcessingSystem] [main] o.s.o.j.p.SpringPersistenceUnitInfo      : No LoadTimeWeaver setup: ignoring JPA class transformer
2025-05-22T08:47:00.676+05:45  INFO 8511 --- [PaymentProcessingSystem] [main] com.zaxxer.hikari.HikariDataSource       : HikariPool-1 - Starting...
2025-05-22T08:47:01.421+05:45  INFO 8511 --- [PaymentProcessingSystem] [main] com.zaxxer.hikari.pool.HikariPool        : HikariPool-1 - Added connection org.postgresql.jdbc.PgConnection@5df7a065
2025-05-22T08:47:01.426+05:45  INFO 8511 --- [PaymentProcessingSystem] [main] com.zaxxer.hikari.HikariDataSource       : HikariPool-1 - Start completed.
2025-05-22T08:47:03.774+05:45  INFO 8511 --- [PaymentProcessingSystem] [main] o.h.m.i.EntityInstantiatorPojoStandard   : HHH000182: No default (no-argument) constructor for class: com.payment.PaymentProcessingSystem.paypallogipn.IpnLogPayPal (class must be instantiated by Interceptor)
2025-05-22T08:47:04.246+05:45  INFO 8511 --- [PaymentProcessingSystem] [main] o.h.e.t.j.p.i.JtaPlatformInitiator       : HHH000489: No JTA platform available (set 'hibernate.transaction.jta.platform' to enable JTA platform integration)
2025-05-22T08:47:04.386+05:45  INFO 8511 --- [PaymentProcessingSystem] [main] j.LocalContainerEntityManagerFactoryBean : Initialized JPA EntityManagerFactory for persistence unit 'default'
2025-05-22T08:47:08.229+05:45  INFO 8511 --- [PaymentProcessingSystem] [main] eAuthenticationProviderManagerConfigurer : Global AuthenticationManager configured with AuthenticationProvider bean with name authenticationProvider
2025-05-22T08:47:08.231+05:45  WARN 8511 --- [PaymentProcessingSystem] [main] r$InitializeUserDetailsManagerConfigurer : Global AuthenticationManager configured with an AuthenticationProvider bean. UserDetailsService beans will not be used for username/password login. Consider removing the AuthenticationProvider bean. Alternatively, consider using the UserDetailsService in a manually instantiated DaoAuthenticationProvider.
2025-05-22T08:47:08.684+05:45  WARN 8511 --- [PaymentProcessingSystem] [main] JpaBaseConfiguration$JpaWebConfiguration : spring.jpa.open-in-view is enabled by default. Therefore, database queries may be performed during view rendering. Explicitly configure spring.jpa.open-in-view to disable this warning
2025-05-22T08:47:13.878+05:45  INFO 8511 --- [PaymentProcessingSystem] [main] o.s.b.w.embedded.tomcat.TomcatWebServer  : Tomcat started on port 8080 (http) with context path '/'
2025-05-22T08:47:13.919+05:45  INFO 8511 --- [PaymentProcessingSystem] [main] c.p.P.PaymentProcessingSystemApplication : Started PaymentProcessingSystemApplication in 29.934 seconds (process running for 33.617)
2025-05-22T08:48:07.979+05:45  INFO 8511 --- [PaymentProcessingSystem] [SpringApplicationShutdownHook] j.LocalContainerEntityManagerFactoryBean : Closing JPA EntityManagerFactory for persistence unit 'default'
2025-05-22T08:48:07.999+05:45  INFO 8511 --- [PaymentProcessingSystem] [SpringApplicationShutdownHook] com.zaxxer.hikari.HikariDataSource       : HikariPool-1 - Shutdown initiated...
2025-05-22T08:48:08.050+05:45  INFO 8511 --- [PaymentProcessingSystem] [SpringApplicationShutdownHook] com.zaxxer.hikari.HikariDataSource       : HikariPool-1 - Shutdown completed.
2025-05-22T08:48:13.980+05:45  INFO 8621 --- [PaymentProcessingSystem] [main] c.p.P.PaymentProcessingSystemApplication : Starting PaymentProcessingSystemApplication v0.0.1-SNAPSHOT using Java 17.0.14 with PID 8621 (/home/devs_kaushal/Documents/projects/PaymentProcessingSystem/target/PaymentProcessingSystem-0.0.1-SNAPSHOT.jar started by devs_kaushal in /home/devs_kaushal/Documents/projects/PaymentProcessingSystem)
2025-05-22T08:48:13.988+05:45  INFO 8621 --- [PaymentProcessingSystem] [main] c.p.P.PaymentProcessingSystemApplication : No active profile set, falling back to 1 default profile: "default"
2025-05-22T08:48:19.661+05:45  INFO 8621 --- [PaymentProcessingSystem] [main] .s.d.r.c.RepositoryConfigurationDelegate : Bootstrapping Spring Data JPA repositories in DEFAULT mode.
2025-05-22T08:48:20.081+05:45  INFO 8621 --- [PaymentProcessingSystem] [main] .s.d.r.c.RepositoryConfigurationDelegate : Finished Spring Data repository scanning in 376 ms. Found 3 JPA repository interfaces.
2025-05-22T08:48:26.884+05:45  INFO 8621 --- [PaymentProcessingSystem] [main] o.s.b.w.embedded.tomcat.TomcatWebServer  : Tomcat initialized with port 8080 (http)
2025-05-22T08:48:27.034+05:45  INFO 8621 --- [PaymentProcessingSystem] [main] o.apache.catalina.core.StandardService   : Starting service [Tomcat]
2025-05-22T08:48:27.035+05:45  INFO 8621 --- [PaymentProcessingSystem] [main] o.apache.catalina.core.StandardEngine    : Starting Servlet engine: [Apache Tomcat/10.1.40]
2025-05-22T08:48:27.266+05:45  INFO 8621 --- [PaymentProcessingSystem] [main] o.a.c.c.C.[Tomcat].[localhost].[/]       : Initializing Spring embedded WebApplicationContext
2025-05-22T08:48:27.270+05:45  INFO 8621 --- [PaymentProcessingSystem] [main] w.s.c.ServletWebServerApplicationContext : Root WebApplicationContext: initialization completed in 12973 ms
2025-05-22T08:48:28.680+05:45  INFO 8621 --- [PaymentProcessingSystem] [main] o.hibernate.jpa.internal.util.LogHelper  : HHH000204: Processing PersistenceUnitInfo [name: default]
2025-05-22T08:48:29.059+05:45  INFO 8621 --- [PaymentProcessingSystem] [main] org.hibernate.Version                    : HHH000412: Hibernate ORM core version 6.5.3.Final
2025-05-22T08:48:29.234+05:45  INFO 8621 --- [PaymentProcessingSystem] [main] o.h.c.internal.RegionFactoryInitiator    : HHH000026: Second-level cache disabled
2025-05-22T08:48:30.581+05:45  INFO 8621 --- [PaymentProcessingSystem] [main] o.s.o.j.p.SpringPersistenceUnitInfo      : No LoadTimeWeaver setup: ignoring JPA class transformer
2025-05-22T08:48:30.796+05:45  INFO 8621 --- [PaymentProcessingSystem] [main] com.zaxxer.hikari.HikariDataSource       : HikariPool-1 - Starting...
2025-05-22T08:48:31.477+05:45  INFO 8621 --- [PaymentProcessingSystem] [main] com.zaxxer.hikari.pool.HikariPool        : HikariPool-1 - Added connection org.postgresql.jdbc.PgConnection@7a730479
2025-05-22T08:48:31.481+05:45  INFO 8621 --- [PaymentProcessingSystem] [main] com.zaxxer.hikari.HikariDataSource       : HikariPool-1 - Start completed.
2025-05-22T08:48:34.530+05:45  INFO 8621 --- [PaymentProcessingSystem] [main] o.h.m.i.EntityInstantiatorPojoStandard   : HHH000182: No default (no-argument) constructor for class: com.payment.PaymentProcessingSystem.paypallogipn.IpnLogPayPal (class must be instantiated by Interceptor)
2025-05-22T08:48:35.371+05:45  INFO 8621 --- [PaymentProcessingSystem] [main] o.h.e.t.j.p.i.JtaPlatformInitiator       : HHH000489: No JTA platform available (set 'hibernate.transaction.jta.platform' to enable JTA platform integration)
2025-05-22T08:48:35.525+05:45  INFO 8621 --- [PaymentProcessingSystem] [main] j.LocalContainerEntityManagerFactoryBean : Initialized JPA EntityManagerFactory for persistence unit 'default'
2025-05-22T08:48:38.511+05:45  INFO 8621 --- [PaymentProcessingSystem] [main] eAuthenticationProviderManagerConfigurer : Global AuthenticationManager configured with AuthenticationProvider bean with name authenticationProvider
2025-05-22T08:48:38.512+05:45  WARN 8621 --- [PaymentProcessingSystem] [main] r$InitializeUserDetailsManagerConfigurer : Global AuthenticationManager configured with an AuthenticationProvider bean. UserDetailsService beans will not be used for username/password login. Consider removing the AuthenticationProvider bean. Alternatively, consider using the UserDetailsService in a manually instantiated DaoAuthenticationProvider.
2025-05-22T08:48:38.715+05:45  WARN 8621 --- [PaymentProcessingSystem] [main] JpaBaseConfiguration$JpaWebConfiguration : spring.jpa.open-in-view is enabled by default. Therefore, database queries may be performed during view rendering. Explicitly configure spring.jpa.open-in-view to disable this warning
2025-05-22T08:48:42.945+05:45  INFO 8621 --- [PaymentProcessingSystem] [main] o.s.b.w.embedded.tomcat.TomcatWebServer  : Tomcat started on port 8080 (http) with context path '/'
2025-05-22T08:48:42.993+05:45  INFO 8621 --- [PaymentProcessingSystem] [main] c.p.P.PaymentProcessingSystemApplication : Started PaymentProcessingSystemApplication in 31.228 seconds (process running for 34.585)
2025-05-22T08:48:47.409+05:45  INFO 8621 --- [PaymentProcessingSystem] [http-nio-8080-exec-1] o.a.c.c.C.[Tomcat].[localhost].[/]       : Initializing Spring DispatcherServlet 'dispatcherServlet'
2025-05-22T08:48:47.410+05:45  INFO 8621 --- [PaymentProcessingSystem] [http-nio-8080-exec-1] o.s.web.servlet.DispatcherServlet        : Initializing Servlet 'dispatcherServlet'
2025-05-22T08:48:47.416+05:45  INFO 8621 --- [PaymentProcessingSystem] [http-nio-8080-exec-1] o.s.web.servlet.DispatcherServlet        : Completed initialization in 6 ms
2025-05-22T08:53:06.640+05:45  INFO 8621 --- [PaymentProcessingSystem] [SpringApplicationShutdownHook] j.LocalContainerEntityManagerFactoryBean : Closing JPA EntityManagerFactory for persistence unit 'default'
2025-05-22T08:53:06.658+05:45  INFO 8621 --- [PaymentProcessingSystem] [SpringApplicationShutdownHook] com.zaxxer.hikari.HikariDataSource       : HikariPool-1 - Shutdown initiated...
2025-05-22T08:53:06.694+05:45  INFO 8621 --- [PaymentProcessingSystem] [SpringApplicationShutdownHook] com.zaxxer.hikari.HikariDataSource       : HikariPool-1 - Shutdown completed.
2025-05-22T08:53:12.466+05:45  INFO 8916 --- [PaymentProcessingSystem] [main] c.p.P.PaymentProcessingSystemApplication : Starting PaymentProcessingSystemApplication v0.0.1-SNAPSHOT using Java 17.0.14 with PID 8916 (/home/devs_kaushal/Documents/projects/PaymentProcessingSystem/target/PaymentProcessingSystem-0.0.1-SNAPSHOT.jar started by devs_kaushal in /home/devs_kaushal/Documents/projects/PaymentProcessingSystem)
2025-05-22T08:53:12.481+05:45  INFO 8916 --- [PaymentProcessingSystem] [main] c.p.P.PaymentProcessingSystemApplication : No active profile set, falling back to 1 default profile: "default"
2025-05-22T08:53:16.490+05:45  INFO 8916 --- [PaymentProcessingSystem] [main] .s.d.r.c.RepositoryConfigurationDelegate : Bootstrapping Spring Data JPA repositories in DEFAULT mode.
2025-05-22T08:53:16.782+05:45  INFO 8916 --- [PaymentProcessingSystem] [main] .s.d.r.c.RepositoryConfigurationDelegate : Finished Spring Data repository scanning in 240 ms. Found 3 JPA repository interfaces.
2025-05-22T08:53:21.434+05:45  INFO 8916 --- [PaymentProcessingSystem] [main] o.s.b.w.embedded.tomcat.TomcatWebServer  : Tomcat initialized with port 8080 (http)
2025-05-22T08:53:21.500+05:45  INFO 8916 --- [PaymentProcessingSystem] [main] o.apache.catalina.core.StandardService   : Starting service [Tomcat]
2025-05-22T08:53:21.501+05:45  INFO 8916 --- [PaymentProcessingSystem] [main] o.apache.catalina.core.StandardEngine    : Starting Servlet engine: [Apache Tomcat/10.1.40]
2025-05-22T08:53:21.664+05:45  INFO 8916 --- [PaymentProcessingSystem] [main] o.a.c.c.C.[Tomcat].[localhost].[/]       : Initializing Spring embedded WebApplicationContext
2025-05-22T08:53:21.667+05:45  INFO 8916 --- [PaymentProcessingSystem] [main] w.s.c.ServletWebServerApplicationContext : Root WebApplicationContext: initialization completed in 8948 ms
2025-05-22T08:53:23.570+05:45  INFO 8916 --- [PaymentProcessingSystem] [main] o.hibernate.jpa.internal.util.LogHelper  : HHH000204: Processing PersistenceUnitInfo [name: default]
2025-05-22T08:53:23.768+05:45  INFO 8916 --- [PaymentProcessingSystem] [main] org.hibernate.Version                    : HHH000412: Hibernate ORM core version 6.5.3.Final
2025-05-22T08:53:23.927+05:45  INFO 8916 --- [PaymentProcessingSystem] [main] o.h.c.internal.RegionFactoryInitiator    : HHH000026: Second-level cache disabled
2025-05-22T08:53:25.534+05:45  INFO 8916 --- [PaymentProcessingSystem] [main] o.s.o.j.p.SpringPersistenceUnitInfo      : No LoadTimeWeaver setup: ignoring JPA class transformer
2025-05-22T08:53:25.676+05:45  INFO 8916 --- [PaymentProcessingSystem] [main] com.zaxxer.hikari.HikariDataSource       : HikariPool-1 - Starting...
2025-05-22T08:53:26.420+05:45  INFO 8916 --- [PaymentProcessingSystem] [main] com.zaxxer.hikari.pool.HikariPool        : HikariPool-1 - Added connection org.postgresql.jdbc.PgConnection@351ede23
2025-05-22T08:53:26.425+05:45  INFO 8916 --- [PaymentProcessingSystem] [main] com.zaxxer.hikari.HikariDataSource       : HikariPool-1 - Start completed.
2025-05-22T08:53:29.769+05:45  INFO 8916 --- [PaymentProcessingSystem] [main] o.h.m.i.EntityInstantiatorPojoStandard   : HHH000182: No default (no-argument) constructor for class: com.payment.PaymentProcessingSystem.paypallogipn.IpnLogPayPal (class must be instantiated by Interceptor)
2025-05-22T08:53:30.355+05:45  INFO 8916 --- [PaymentProcessingSystem] [main] o.h.e.t.j.p.i.JtaPlatformInitiator       : HHH000489: No JTA platform available (set 'hibernate.transaction.jta.platform' to enable JTA platform integration)
2025-05-22T08:53:30.535+05:45  INFO 8916 --- [PaymentProcessingSystem] [main] j.LocalContainerEntityManagerFactoryBean : Initialized JPA EntityManagerFactory for persistence unit 'default'
2025-05-22T08:53:34.207+05:45  INFO 8916 --- [PaymentProcessingSystem] [main] eAuthenticationProviderManagerConfigurer : Global AuthenticationManager configured with AuthenticationProvider bean with name authenticationProvider
2025-05-22T08:53:34.214+05:45  WARN 8916 --- [PaymentProcessingSystem] [main] r$InitializeUserDetailsManagerConfigurer : Global AuthenticationManager configured with an AuthenticationProvider bean. UserDetailsService beans will not be used for username/password login. Consider removing the AuthenticationProvider bean. Alternatively, consider using the UserDetailsService in a manually instantiated DaoAuthenticationProvider.
2025-05-22T08:53:34.930+05:45  WARN 8916 --- [PaymentProcessingSystem] [main] JpaBaseConfiguration$JpaWebConfiguration : spring.jpa.open-in-view is enabled by default. Therefore, database queries may be performed during view rendering. Explicitly configure spring.jpa.open-in-view to disable this warning
2025-05-22T08:53:39.729+05:45  INFO 8916 --- [PaymentProcessingSystem] [main] o.s.b.w.embedded.tomcat.TomcatWebServer  : Tomcat started on port 8080 (http) with context path '/'
2025-05-22T08:53:39.781+05:45  INFO 8916 --- [PaymentProcessingSystem] [main] c.p.P.PaymentProcessingSystemApplication : Started PaymentProcessingSystemApplication in 29.737 seconds (process running for 32.786)
2025-05-22T08:54:29.911+05:45  INFO 8916 --- [PaymentProcessingSystem] [http-nio-8080-exec-1] o.a.c.c.C.[Tomcat].[localhost].[/]       : Initializing Spring DispatcherServlet 'dispatcherServlet'
2025-05-22T08:54:29.913+05:45  INFO 8916 --- [PaymentProcessingSystem] [http-nio-8080-exec-1] o.s.web.servlet.DispatcherServlet        : Initializing Servlet 'dispatcherServlet'
2025-05-22T08:54:29.918+05:45  INFO 8916 --- [PaymentProcessingSystem] [http-nio-8080-exec-1] o.s.web.servlet.DispatcherServlet        : Completed initialization in 4 ms
2025-05-22T09:00:51.592+05:45  INFO 9488 --- [PaymentProcessingSystem] [main] .PaymentProcessingSystemApplicationTests : Starting PaymentProcessingSystemApplicationTests using Java 17.0.14 with PID 9488 (started by devs_kaushal in /home/devs_kaushal/Documents/projects/PaymentProcessingSystem)
2025-05-22T09:00:51.615+05:45  INFO 9488 --- [PaymentProcessingSystem] [main] .PaymentProcessingSystemApplicationTests : No active profile set, falling back to 1 default profile: "default"
2025-05-22T09:00:55.597+05:45  INFO 9488 --- [PaymentProcessingSystem] [main] .s.d.r.c.RepositoryConfigurationDelegate : Bootstrapping Spring Data JPA repositories in DEFAULT mode.
2025-05-22T09:00:55.833+05:45  INFO 9488 --- [PaymentProcessingSystem] [main] .s.d.r.c.RepositoryConfigurationDelegate : Finished Spring Data repository scanning in 214 ms. Found 3 JPA repository interfaces.
2025-05-22T09:00:59.159+05:45  INFO 9488 --- [PaymentProcessingSystem] [main] o.hibernate.jpa.internal.util.LogHelper  : HHH000204: Processing PersistenceUnitInfo [name: default]
2025-05-22T09:00:59.392+05:45  INFO 9488 --- [PaymentProcessingSystem] [main] org.hibernate.Version                    : HHH000412: Hibernate ORM core version 6.5.3.Final
2025-05-22T09:00:59.570+05:45  INFO 9488 --- [PaymentProcessingSystem] [main] o.h.c.internal.RegionFactoryInitiator    : HHH000026: Second-level cache disabled
2025-05-22T09:01:00.590+05:45  INFO 9488 --- [PaymentProcessingSystem] [main] o.s.o.j.p.SpringPersistenceUnitInfo      : No LoadTimeWeaver setup: ignoring JPA class transformer
2025-05-22T09:01:00.710+05:45  INFO 9488 --- [PaymentProcessingSystem] [main] com.zaxxer.hikari.HikariDataSource       : HikariPool-1 - Starting...
2025-05-22T09:01:01.267+05:45  INFO 9488 --- [PaymentProcessingSystem] [main] com.zaxxer.hikari.pool.HikariPool        : HikariPool-1 - Added connection org.postgresql.jdbc.PgConnection@2adc1e84
2025-05-22T09:01:01.275+05:45  INFO 9488 --- [PaymentProcessingSystem] [main] com.zaxxer.hikari.HikariDataSource       : HikariPool-1 - Start completed.
2025-05-22T09:01:03.995+05:45  INFO 9488 --- [PaymentProcessingSystem] [main] o.h.m.i.EntityInstantiatorPojoStandard   : HHH000182: No default (no-argument) constructor for class: com.payment.PaymentProcessingSystem.paypallogipn.IpnLogPayPal (class must be instantiated by Interceptor)
2025-05-22T09:01:04.453+05:45  INFO 9488 --- [PaymentProcessingSystem] [main] o.h.e.t.j.p.i.JtaPlatformInitiator       : HHH000489: No JTA platform available (set 'hibernate.transaction.jta.platform' to enable JTA platform integration)
2025-05-22T09:01:04.631+05:45  INFO 9488 --- [PaymentProcessingSystem] [main] j.LocalContainerEntityManagerFactoryBean : Initialized JPA EntityManagerFactory for persistence unit 'default'
2025-05-22T09:01:06.802+05:45  INFO 9488 --- [PaymentProcessingSystem] [main] eAuthenticationProviderManagerConfigurer : Global AuthenticationManager configured with AuthenticationProvider bean with name authenticationProvider
2025-05-22T09:01:06.804+05:45  WARN 9488 --- [PaymentProcessingSystem] [main] r$InitializeUserDetailsManagerConfigurer : Global AuthenticationManager configured with an AuthenticationProvider bean. UserDetailsService beans will not be used for username/password login. Consider removing the AuthenticationProvider bean. Alternatively, consider using the UserDetailsService in a manually instantiated DaoAuthenticationProvider.
2025-05-22T09:01:08.355+05:45  WARN 9488 --- [PaymentProcessingSystem] [main] JpaBaseConfiguration$JpaWebConfiguration : spring.jpa.open-in-view is enabled by default. Therefore, database queries may be performed during view rendering. Explicitly configure spring.jpa.open-in-view to disable this warning
2025-05-22T09:01:10.975+05:45  INFO 9488 --- [PaymentProcessingSystem] [main] o.s.v.b.OptionalValidatorFactoryBean     : Failed to set up a Bean Validation provider: jakarta.validation.NoProviderFoundException: Unable to create a Configuration, because no Jakarta Bean Validation provider could be found. Add a provider like Hibernate Validator (RI) to your classpath.
2025-05-22T09:01:13.958+05:45  INFO 9488 --- [PaymentProcessingSystem] [main] .PaymentProcessingSystemApplicationTests : Started PaymentProcessingSystemApplicationTests in 23.694 seconds (process running for 26.671)
2025-05-22T09:01:15.782+05:45  INFO 9488 --- [PaymentProcessingSystem] [SpringApplicationShutdownHook] j.LocalContainerEntityManagerFactoryBean : Closing JPA EntityManagerFactory for persistence unit 'default'
2025-05-22T09:01:15.793+05:45  INFO 9488 --- [PaymentProcessingSystem] [SpringApplicationShutdownHook] com.zaxxer.hikari.HikariDataSource       : HikariPool-1 - Shutdown initiated...
2025-05-22T09:01:15.850+05:45  INFO 9488 --- [PaymentProcessingSystem] [SpringApplicationShutdownHook] com.zaxxer.hikari.HikariDataSource       : HikariPool-1 - Shutdown completed.
2025-05-22T09:01:34.579+05:45  INFO 9744 --- [PaymentProcessingSystem] [restartedMain] c.p.P.PaymentProcessingSystemApplication : Starting PaymentProcessingSystemApplication using Java 17.0.14 with PID 9744 (/home/devs_kaushal/Documents/projects/PaymentProcessingSystem/target/classes started by devs_kaushal in /home/devs_kaushal/Documents/projects/PaymentProcessingSystem)
2025-05-22T09:01:34.597+05:45  INFO 9744 --- [PaymentProcessingSystem] [restartedMain] c.p.P.PaymentProcessingSystemApplication : No active profile set, falling back to 1 default profile: "default"
2025-05-22T09:01:34.744+05:45  INFO 9744 --- [PaymentProcessingSystem] [restartedMain] .e.DevToolsPropertyDefaultsPostProcessor : Devtools property defaults active! Set 'spring.devtools.add-properties' to 'false' to disable
2025-05-22T09:01:34.745+05:45  INFO 9744 --- [PaymentProcessingSystem] [restartedMain] .e.DevToolsPropertyDefaultsPostProcessor : For additional web related logging consider setting the 'logging.level.web' property to 'DEBUG'
2025-05-22T09:01:37.813+05:45  INFO 9744 --- [PaymentProcessingSystem] [restartedMain] .s.d.r.c.RepositoryConfigurationDelegate : Bootstrapping Spring Data JPA repositories in DEFAULT mode.
2025-05-22T09:01:38.171+05:45  INFO 9744 --- [PaymentProcessingSystem] [restartedMain] .s.d.r.c.RepositoryConfigurationDelegate : Finished Spring Data repository scanning in 339 ms. Found 3 JPA repository interfaces.
2025-05-22T09:01:41.094+05:45  INFO 9744 --- [PaymentProcessingSystem] [restartedMain] o.s.b.w.embedded.tomcat.TomcatWebServer  : Tomcat initialized with port 8080 (http)
2025-05-22T09:01:41.123+05:45  INFO 9744 --- [PaymentProcessingSystem] [restartedMain] o.apache.catalina.core.StandardService   : Starting service [Tomcat]
2025-05-22T09:01:41.124+05:45  INFO 9744 --- [PaymentProcessingSystem] [restartedMain] o.apache.catalina.core.StandardEngine    : Starting Servlet engine: [Apache Tomcat/10.1.40]
2025-05-22T09:01:41.291+05:45  INFO 9744 --- [PaymentProcessingSystem] [restartedMain] o.a.c.c.C.[Tomcat].[localhost].[/]       : Initializing Spring embedded WebApplicationContext
2025-05-22T09:01:41.292+05:45  INFO 9744 --- [PaymentProcessingSystem] [restartedMain] w.s.c.ServletWebServerApplicationContext : Root WebApplicationContext: initialization completed in 6545 ms
2025-05-22T09:01:42.003+05:45  INFO 9744 --- [PaymentProcessingSystem] [restartedMain] o.hibernate.jpa.internal.util.LogHelper  : HHH000204: Processing PersistenceUnitInfo [name: default]
2025-05-22T09:01:42.101+05:45  INFO 9744 --- [PaymentProcessingSystem] [restartedMain] org.hibernate.Version                    : HHH000412: Hibernate ORM core version 6.5.3.Final
2025-05-22T09:01:42.174+05:45  INFO 9744 --- [PaymentProcessingSystem] [restartedMain] o.h.c.internal.RegionFactoryInitiator    : HHH000026: Second-level cache disabled
2025-05-22T09:01:42.682+05:45  INFO 9744 --- [PaymentProcessingSystem] [restartedMain] o.s.o.j.p.SpringPersistenceUnitInfo      : No LoadTimeWeaver setup: ignoring JPA class transformer
2025-05-22T09:01:42.736+05:45  INFO 9744 --- [PaymentProcessingSystem] [restartedMain] com.zaxxer.hikari.HikariDataSource       : HikariPool-1 - Starting...
2025-05-22T09:01:43.121+05:45  INFO 9744 --- [PaymentProcessingSystem] [restartedMain] com.zaxxer.hikari.pool.HikariPool        : HikariPool-1 - Added connection org.postgresql.jdbc.PgConnection@6ba79f0d
2025-05-22T09:01:43.127+05:45  INFO 9744 --- [PaymentProcessingSystem] [restartedMain] com.zaxxer.hikari.HikariDataSource       : HikariPool-1 - Start completed.
2025-05-22T09:01:44.868+05:45  INFO 9744 --- [PaymentProcessingSystem] [restartedMain] o.h.m.i.EntityInstantiatorPojoStandard   : HHH000182: No default (no-argument) constructor for class: com.payment.PaymentProcessingSystem.paypallogipn.IpnLogPayPal (class must be instantiated by Interceptor)
2025-05-22T09:01:45.230+05:45  INFO 9744 --- [PaymentProcessingSystem] [restartedMain] o.h.e.t.j.p.i.JtaPlatformInitiator       : HHH000489: No JTA platform available (set 'hibernate.transaction.jta.platform' to enable JTA platform integration)
2025-05-22T09:01:45.324+05:45  INFO 9744 --- [PaymentProcessingSystem] [restartedMain] j.LocalContainerEntityManagerFactoryBean : Initialized JPA EntityManagerFactory for persistence unit 'default'
2025-05-22T09:01:46.615+05:45  INFO 9744 --- [PaymentProcessingSystem] [restartedMain] eAuthenticationProviderManagerConfigurer : Global AuthenticationManager configured with AuthenticationProvider bean with name authenticationProvider
2025-05-22T09:01:46.615+05:45  WARN 9744 --- [PaymentProcessingSystem] [restartedMain] r$InitializeUserDetailsManagerConfigurer : Global AuthenticationManager configured with an AuthenticationProvider bean. UserDetailsService beans will not be used for username/password login. Consider removing the AuthenticationProvider bean. Alternatively, consider using the UserDetailsService in a manually instantiated DaoAuthenticationProvider.
2025-05-22T09:01:47.736+05:45  WARN 9744 --- [PaymentProcessingSystem] [restartedMain] JpaBaseConfiguration$JpaWebConfiguration : spring.jpa.open-in-view is enabled by default. Therefore, database queries may be performed during view rendering. Explicitly configure spring.jpa.open-in-view to disable this warning
2025-05-22T09:01:48.909+05:45  INFO 9744 --- [PaymentProcessingSystem] [restartedMain] o.s.v.b.OptionalValidatorFactoryBean     : Failed to set up a Bean Validation provider: jakarta.validation.NoProviderFoundException: Unable to create a Configuration, because no Jakarta Bean Validation provider could be found. Add a provider like Hibernate Validator (RI) to your classpath.
2025-05-22T09:01:50.517+05:45  INFO 9744 --- [PaymentProcessingSystem] [restartedMain] o.s.b.d.a.OptionalLiveReloadServer       : LiveReload server is running on port 35729
2025-05-22T09:01:50.579+05:45  WARN 9744 --- [PaymentProcessingSystem] [restartedMain] ConfigServletWebServerApplicationContext : Exception encountered during context initialization - cancelling refresh attempt: org.springframework.context.ApplicationContextException: Failed to start bean 'webServerStartStop'
2025-05-22T09:01:50.593+05:45  INFO 9744 --- [PaymentProcessingSystem] [restartedMain] j.LocalContainerEntityManagerFactoryBean : Closing JPA EntityManagerFactory for persistence unit 'default'
2025-05-22T09:01:50.606+05:45  INFO 9744 --- [PaymentProcessingSystem] [restartedMain] com.zaxxer.hikari.HikariDataSource       : HikariPool-1 - Shutdown initiated...
2025-05-22T09:01:50.630+05:45  INFO 9744 --- [PaymentProcessingSystem] [restartedMain] com.zaxxer.hikari.HikariDataSource       : HikariPool-1 - Shutdown completed.
2025-05-22T09:01:50.687+05:45  INFO 9744 --- [PaymentProcessingSystem] [restartedMain] .s.b.a.l.ConditionEvaluationReportLogger : 

Error starting ApplicationContext. To display the condition evaluation report re-run your application with 'debug' enabled.
2025-05-22T09:01:50.723+05:45 ERROR 9744 --- [PaymentProcessingSystem] [restartedMain] o.s.b.d.LoggingFailureAnalysisReporter   : 

***************************
APPLICATION FAILED TO START
***************************

Description:

Web server failed to start. Port 8080 was already in use.

Action:

Identify and stop the process that's listening on port 8080 or configure this application to listen on another port.

2025-05-22T09:03:08.338+05:45  INFO 8916 --- [PaymentProcessingSystem] [SpringApplicationShutdownHook] j.LocalContainerEntityManagerFactoryBean : Closing JPA EntityManagerFactory for persistence unit 'default'
2025-05-22T09:03:08.341+05:45  INFO 8916 --- [PaymentProcessingSystem] [SpringApplicationShutdownHook] com.zaxxer.hikari.HikariDataSource       : HikariPool-1 - Shutdown initiated...
2025-05-22T09:03:08.365+05:45  INFO 8916 --- [PaymentProcessingSystem] [SpringApplicationShutdownHook] com.zaxxer.hikari.HikariDataSource       : HikariPool-1 - Shutdown completed.
2025-05-22T09:03:15.091+05:45  INFO 9887 --- [PaymentProcessingSystem] [main] c.p.P.PaymentProcessingSystemApplication : Starting PaymentProcessingSystemApplication v0.0.1-SNAPSHOT using Java 17.0.14 with PID 9887 (/home/devs_kaushal/Documents/projects/PaymentProcessingSystem/target/PaymentProcessingSystem-0.0.1-SNAPSHOT.jar started by devs_kaushal in /home/devs_kaushal/Documents/projects/PaymentProcessingSystem)
2025-05-22T09:03:15.113+05:45  INFO 9887 --- [PaymentProcessingSystem] [main] c.p.P.PaymentProcessingSystemApplication : No active profile set, falling back to 1 default profile: "default"
2025-05-22T09:03:21.556+05:45  INFO 9887 --- [PaymentProcessingSystem] [main] .s.d.r.c.RepositoryConfigurationDelegate : Bootstrapping Spring Data JPA repositories in DEFAULT mode.
2025-05-22T09:03:21.943+05:45  INFO 9887 --- [PaymentProcessingSystem] [main] .s.d.r.c.RepositoryConfigurationDelegate : Finished Spring Data repository scanning in 358 ms. Found 3 JPA repository interfaces.
2025-05-22T09:03:27.297+05:45  INFO 9887 --- [PaymentProcessingSystem] [main] o.s.b.w.embedded.tomcat.TomcatWebServer  : Tomcat initialized with port 8080 (http)
2025-05-22T09:03:27.387+05:45  INFO 9887 --- [PaymentProcessingSystem] [main] o.apache.catalina.core.StandardService   : Starting service [Tomcat]
2025-05-22T09:03:27.389+05:45  INFO 9887 --- [PaymentProcessingSystem] [main] o.apache.catalina.core.StandardEngine    : Starting Servlet engine: [Apache Tomcat/10.1.40]
2025-05-22T09:03:27.721+05:45  INFO 9887 --- [PaymentProcessingSystem] [main] o.a.c.c.C.[Tomcat].[localhost].[/]       : Initializing Spring embedded WebApplicationContext
2025-05-22T09:03:27.725+05:45  INFO 9887 --- [PaymentProcessingSystem] [main] w.s.c.ServletWebServerApplicationContext : Root WebApplicationContext: initialization completed in 12178 ms
2025-05-22T09:03:29.258+05:45  INFO 9887 --- [PaymentProcessingSystem] [main] o.hibernate.jpa.internal.util.LogHelper  : HHH000204: Processing PersistenceUnitInfo [name: default]
2025-05-22T09:03:29.559+05:45  INFO 9887 --- [PaymentProcessingSystem] [main] org.hibernate.Version                    : HHH000412: Hibernate ORM core version 6.5.3.Final
2025-05-22T09:03:29.738+05:45  INFO 9887 --- [PaymentProcessingSystem] [main] o.h.c.internal.RegionFactoryInitiator    : HHH000026: Second-level cache disabled
2025-05-22T09:03:31.255+05:45  INFO 9887 --- [PaymentProcessingSystem] [main] o.s.o.j.p.SpringPersistenceUnitInfo      : No LoadTimeWeaver setup: ignoring JPA class transformer
2025-05-22T09:03:31.410+05:45  INFO 9887 --- [PaymentProcessingSystem] [main] com.zaxxer.hikari.HikariDataSource       : HikariPool-1 - Starting...
2025-05-22T09:03:32.171+05:45  INFO 9887 --- [PaymentProcessingSystem] [main] com.zaxxer.hikari.pool.HikariPool        : HikariPool-1 - Added connection org.postgresql.jdbc.PgConnection@27fc0217
2025-05-22T09:03:32.182+05:45  INFO 9887 --- [PaymentProcessingSystem] [main] com.zaxxer.hikari.HikariDataSource       : HikariPool-1 - Start completed.
2025-05-22T09:03:35.446+05:45  INFO 9887 --- [PaymentProcessingSystem] [main] o.h.m.i.EntityInstantiatorPojoStandard   : HHH000182: No default (no-argument) constructor for class: com.payment.PaymentProcessingSystem.paypallogipn.IpnLogPayPal (class must be instantiated by Interceptor)
2025-05-22T09:03:36.262+05:45  INFO 9887 --- [PaymentProcessingSystem] [main] o.h.e.t.j.p.i.JtaPlatformInitiator       : HHH000489: No JTA platform available (set 'hibernate.transaction.jta.platform' to enable JTA platform integration)
2025-05-22T09:03:36.493+05:45  INFO 9887 --- [PaymentProcessingSystem] [main] j.LocalContainerEntityManagerFactoryBean : Initialized JPA EntityManagerFactory for persistence unit 'default'
2025-05-22T09:03:40.512+05:45  INFO 9887 --- [PaymentProcessingSystem] [main] eAuthenticationProviderManagerConfigurer : Global AuthenticationManager configured with AuthenticationProvider bean with name authenticationProvider
2025-05-22T09:03:40.513+05:45  WARN 9887 --- [PaymentProcessingSystem] [main] r$InitializeUserDetailsManagerConfigurer : Global AuthenticationManager configured with an AuthenticationProvider bean. UserDetailsService beans will not be used for username/password login. Consider removing the AuthenticationProvider bean. Alternatively, consider using the UserDetailsService in a manually instantiated DaoAuthenticationProvider.
2025-05-22T09:03:41.345+05:45  WARN 9887 --- [PaymentProcessingSystem] [main] JpaBaseConfiguration$JpaWebConfiguration : spring.jpa.open-in-view is enabled by default. Therefore, database queries may be performed during view rendering. Explicitly configure spring.jpa.open-in-view to disable this warning
2025-05-22T09:03:43.822+05:45  INFO 9887 --- [PaymentProcessingSystem] [main] o.s.v.b.OptionalValidatorFactoryBean     : Failed to set up a Bean Validation provider: jakarta.validation.NoProviderFoundException: Unable to create a Configuration, because no Jakarta Bean Validation provider could be found. Add a provider like Hibernate Validator (RI) to your classpath.
2025-05-22T09:03:47.887+05:45  INFO 9887 --- [PaymentProcessingSystem] [main] o.s.b.w.embedded.tomcat.TomcatWebServer  : Tomcat started on port 8080 (http) with context path '/'
2025-05-22T09:03:47.980+05:45  INFO 9887 --- [PaymentProcessingSystem] [main] c.p.P.PaymentProcessingSystemApplication : Started PaymentProcessingSystemApplication in 35.991 seconds (process running for 39.327)
2025-05-22T09:03:53.932+05:45  INFO 9887 --- [PaymentProcessingSystem] [http-nio-8080-exec-1] o.a.c.c.C.[Tomcat].[localhost].[/]       : Initializing Spring DispatcherServlet 'dispatcherServlet'
2025-05-22T09:03:53.935+05:45  INFO 9887 --- [PaymentProcessingSystem] [http-nio-8080-exec-1] o.s.web.servlet.DispatcherServlet        : Initializing Servlet 'dispatcherServlet'
2025-05-22T09:03:53.940+05:45  INFO 9887 --- [PaymentProcessingSystem] [http-nio-8080-exec-1] o.s.web.servlet.DispatcherServlet        : Completed initialization in 4 ms
2025-05-22T09:03:58.148+05:45  INFO 9887 --- [PaymentProcessingSystem] [http-nio-8080-exec-1] o.springdoc.api.AbstractOpenApiResource  : Init duration for springdoc-openapi is: 2260 ms
2025-05-22T09:16:58.762+05:45  INFO 9887 --- [PaymentProcessingSystem] [SpringApplicationShutdownHook] j.LocalContainerEntityManagerFactoryBean : Closing JPA EntityManagerFactory for persistence unit 'default'
2025-05-22T09:16:58.774+05:45  INFO 9887 --- [PaymentProcessingSystem] [SpringApplicationShutdownHook] com.zaxxer.hikari.HikariDataSource       : HikariPool-1 - Shutdown initiated...
2025-05-22T09:16:58.807+05:45  INFO 9887 --- [PaymentProcessingSystem] [SpringApplicationShutdownHook] com.zaxxer.hikari.HikariDataSource       : HikariPool-1 - Shutdown completed.
2025-05-22T09:17:06.004+05:45  INFO 10908 --- [PaymentProcessingSystem] [main] c.p.P.PaymentProcessingSystemApplication : Starting PaymentProcessingSystemApplication v0.0.1-SNAPSHOT using Java 17.0.14 with PID 10908 (/home/devs_kaushal/Documents/projects/PaymentProcessingSystem/target/PaymentProcessingSystem-0.0.1-SNAPSHOT.jar started by devs_kaushal in /home/devs_kaushal/Documents/projects/PaymentProcessingSystem)
2025-05-22T09:17:06.017+05:45  INFO 10908 --- [PaymentProcessingSystem] [main] c.p.P.PaymentProcessingSystemApplication : No active profile set, falling back to 1 default profile: "default"
2025-05-22T09:17:12.887+05:45  INFO 10908 --- [PaymentProcessingSystem] [main] .s.d.r.c.RepositoryConfigurationDelegate : Bootstrapping Spring Data JPA repositories in DEFAULT mode.
2025-05-22T09:17:13.119+05:45  INFO 10908 --- [PaymentProcessingSystem] [main] .s.d.r.c.RepositoryConfigurationDelegate : Finished Spring Data repository scanning in 208 ms. Found 3 JPA repository interfaces.
2025-05-22T09:17:17.560+05:45  INFO 10908 --- [PaymentProcessingSystem] [main] o.s.b.w.embedded.tomcat.TomcatWebServer  : Tomcat initialized with port 8080 (http)
2025-05-22T09:17:17.609+05:45  INFO 10908 --- [PaymentProcessingSystem] [main] o.apache.catalina.core.StandardService   : Starting service [Tomcat]
2025-05-22T09:17:17.610+05:45  INFO 10908 --- [PaymentProcessingSystem] [main] o.apache.catalina.core.StandardEngine    : Starting Servlet engine: [Apache Tomcat/10.1.40]
2025-05-22T09:17:17.785+05:45  INFO 10908 --- [PaymentProcessingSystem] [main] o.a.c.c.C.[Tomcat].[localhost].[/]       : Initializing Spring embedded WebApplicationContext
2025-05-22T09:17:17.787+05:45  INFO 10908 --- [PaymentProcessingSystem] [main] w.s.c.ServletWebServerApplicationContext : Root WebApplicationContext: initialization completed in 11326 ms
2025-05-22T09:17:18.781+05:45  INFO 10908 --- [PaymentProcessingSystem] [main] o.hibernate.jpa.internal.util.LogHelper  : HHH000204: Processing PersistenceUnitInfo [name: default]
2025-05-22T09:17:18.966+05:45  INFO 10908 --- [PaymentProcessingSystem] [main] org.hibernate.Version                    : HHH000412: Hibernate ORM core version 6.5.3.Final
2025-05-22T09:17:19.068+05:45  INFO 10908 --- [PaymentProcessingSystem] [main] o.h.c.internal.RegionFactoryInitiator    : HHH000026: Second-level cache disabled
2025-05-22T09:17:20.169+05:45  INFO 10908 --- [PaymentProcessingSystem] [main] o.s.o.j.p.SpringPersistenceUnitInfo      : No LoadTimeWeaver setup: ignoring JPA class transformer
2025-05-22T09:17:20.309+05:45  INFO 10908 --- [PaymentProcessingSystem] [main] com.zaxxer.hikari.HikariDataSource       : HikariPool-1 - Starting...
2025-05-22T09:17:21.020+05:45  INFO 10908 --- [PaymentProcessingSystem] [main] com.zaxxer.hikari.pool.HikariPool        : HikariPool-1 - Added connection org.postgresql.jdbc.PgConnection@e993715
2025-05-22T09:17:21.025+05:45  INFO 10908 --- [PaymentProcessingSystem] [main] com.zaxxer.hikari.HikariDataSource       : HikariPool-1 - Start completed.
2025-05-22T09:17:23.289+05:45  INFO 10908 --- [PaymentProcessingSystem] [main] o.h.m.i.EntityInstantiatorPojoStandard   : HHH000182: No default (no-argument) constructor for class: com.payment.PaymentProcessingSystem.paypallogipn.IpnLogPayPal (class must be instantiated by Interceptor)
2025-05-22T09:17:23.724+05:45  INFO 10908 --- [PaymentProcessingSystem] [main] o.h.e.t.j.p.i.JtaPlatformInitiator       : HHH000489: No JTA platform available (set 'hibernate.transaction.jta.platform' to enable JTA platform integration)
2025-05-22T09:17:23.838+05:45  INFO 10908 --- [PaymentProcessingSystem] [main] j.LocalContainerEntityManagerFactoryBean : Initialized JPA EntityManagerFactory for persistence unit 'default'
2025-05-22T09:17:26.224+05:45  INFO 10908 --- [PaymentProcessingSystem] [main] eAuthenticationProviderManagerConfigurer : Global AuthenticationManager configured with AuthenticationProvider bean with name authenticationProvider
2025-05-22T09:17:26.224+05:45  WARN 10908 --- [PaymentProcessingSystem] [main] r$InitializeUserDetailsManagerConfigurer : Global AuthenticationManager configured with an AuthenticationProvider bean. UserDetailsService beans will not be used for username/password login. Consider removing the AuthenticationProvider bean. Alternatively, consider using the UserDetailsService in a manually instantiated DaoAuthenticationProvider.
2025-05-22T09:17:27.055+05:45  WARN 10908 --- [PaymentProcessingSystem] [main] JpaBaseConfiguration$JpaWebConfiguration : spring.jpa.open-in-view is enabled by default. Therefore, database queries may be performed during view rendering. Explicitly configure spring.jpa.open-in-view to disable this warning
2025-05-22T09:17:28.553+05:45  INFO 10908 --- [PaymentProcessingSystem] [main] o.s.v.b.OptionalValidatorFactoryBean     : Failed to set up a Bean Validation provider: jakarta.validation.NoProviderFoundException: Unable to create a Configuration, because no Jakarta Bean Validation provider could be found. Add a provider like Hibernate Validator (RI) to your classpath.
2025-05-22T09:17:31.443+05:45  INFO 10908 --- [PaymentProcessingSystem] [main] o.s.b.w.embedded.tomcat.TomcatWebServer  : Tomcat started on port 8080 (http) with context path '/'
2025-05-22T09:17:31.483+05:45  INFO 10908 --- [PaymentProcessingSystem] [main] c.p.P.PaymentProcessingSystemApplication : Started PaymentProcessingSystemApplication in 29.151 seconds (process running for 32.479)
2025-05-22T09:17:42.979+05:45  INFO 10908 --- [PaymentProcessingSystem] [http-nio-8080-exec-1] o.a.c.c.C.[Tomcat].[localhost].[/]       : Initializing Spring DispatcherServlet 'dispatcherServlet'
2025-05-22T09:17:42.986+05:45  INFO 10908 --- [PaymentProcessingSystem] [http-nio-8080-exec-1] o.s.web.servlet.DispatcherServlet        : Initializing Servlet 'dispatcherServlet'
2025-05-22T09:17:43.005+05:45  INFO 10908 --- [PaymentProcessingSystem] [http-nio-8080-exec-1] o.s.web.servlet.DispatcherServlet        : Completed initialization in 12 ms
2025-05-22T09:17:47.782+05:45  INFO 10908 --- [PaymentProcessingSystem] [http-nio-8080-exec-1] o.springdoc.api.AbstractOpenApiResource  : Init duration for springdoc-openapi is: 2162 ms
2025-05-22T09:23:09.351+05:45  INFO 10908 --- [PaymentProcessingSystem] [SpringApplicationShutdownHook] j.LocalContainerEntityManagerFactoryBean : Closing JPA EntityManagerFactory for persistence unit 'default'
2025-05-22T09:23:09.356+05:45  INFO 10908 --- [PaymentProcessingSystem] [SpringApplicationShutdownHook] com.zaxxer.hikari.HikariDataSource       : HikariPool-1 - Shutdown initiated...
2025-05-22T09:23:09.388+05:45  INFO 10908 --- [PaymentProcessingSystem] [SpringApplicationShutdownHook] com.zaxxer.hikari.HikariDataSource       : HikariPool-1 - Shutdown completed.
2025-05-22T09:23:14.542+05:45  INFO 11385 --- [PaymentProcessingSystem] [main] c.p.P.PaymentProcessingSystemApplication : Starting PaymentProcessingSystemApplication v0.0.1-SNAPSHOT using Java 17.0.14 with PID 11385 (/home/devs_kaushal/Documents/projects/PaymentProcessingSystem/target/PaymentProcessingSystem-0.0.1-SNAPSHOT.jar started by devs_kaushal in /home/devs_kaushal/Documents/projects/PaymentProcessingSystem)
2025-05-22T09:23:14.554+05:45  INFO 11385 --- [PaymentProcessingSystem] [main] c.p.P.PaymentProcessingSystemApplication : No active profile set, falling back to 1 default profile: "default"
2025-05-22T09:23:19.486+05:45  INFO 11385 --- [PaymentProcessingSystem] [main] .s.d.r.c.RepositoryConfigurationDelegate : Bootstrapping Spring Data JPA repositories in DEFAULT mode.
2025-05-22T09:23:19.787+05:45  INFO 11385 --- [PaymentProcessingSystem] [main] .s.d.r.c.RepositoryConfigurationDelegate : Finished Spring Data repository scanning in 284 ms. Found 3 JPA repository interfaces.
2025-05-22T09:23:25.657+05:45  INFO 11385 --- [PaymentProcessingSystem] [main] o.s.b.w.embedded.tomcat.TomcatWebServer  : Tomcat initialized with port 8080 (http)
2025-05-22T09:23:25.713+05:45  INFO 11385 --- [PaymentProcessingSystem] [main] o.apache.catalina.core.StandardService   : Starting service [Tomcat]
2025-05-22T09:23:25.714+05:45  INFO 11385 --- [PaymentProcessingSystem] [main] o.apache.catalina.core.StandardEngine    : Starting Servlet engine: [Apache Tomcat/10.1.40]
2025-05-22T09:23:25.861+05:45  INFO 11385 --- [PaymentProcessingSystem] [main] o.a.c.c.C.[Tomcat].[localhost].[/]       : Initializing Spring embedded WebApplicationContext
2025-05-22T09:23:25.862+05:45  INFO 11385 --- [PaymentProcessingSystem] [main] w.s.c.ServletWebServerApplicationContext : Root WebApplicationContext: initialization completed in 10980 ms
2025-05-22T09:23:27.244+05:45  INFO 11385 --- [PaymentProcessingSystem] [main] o.hibernate.jpa.internal.util.LogHelper  : HHH000204: Processing PersistenceUnitInfo [name: default]
2025-05-22T09:23:27.677+05:45  INFO 11385 --- [PaymentProcessingSystem] [main] org.hibernate.Version                    : HHH000412: Hibernate ORM core version 6.5.3.Final
2025-05-22T09:23:27.816+05:45  INFO 11385 --- [PaymentProcessingSystem] [main] o.h.c.internal.RegionFactoryInitiator    : HHH000026: Second-level cache disabled
2025-05-22T09:23:28.927+05:45  INFO 11385 --- [PaymentProcessingSystem] [main] o.s.o.j.p.SpringPersistenceUnitInfo      : No LoadTimeWeaver setup: ignoring JPA class transformer
2025-05-22T09:23:28.997+05:45  INFO 11385 --- [PaymentProcessingSystem] [main] com.zaxxer.hikari.HikariDataSource       : HikariPool-1 - Starting...
2025-05-22T09:23:30.026+05:45  INFO 11385 --- [PaymentProcessingSystem] [main] com.zaxxer.hikari.pool.HikariPool        : HikariPool-1 - Added connection org.postgresql.jdbc.PgConnection@7b9c2387
2025-05-22T09:23:30.034+05:45  INFO 11385 --- [PaymentProcessingSystem] [main] com.zaxxer.hikari.HikariDataSource       : HikariPool-1 - Start completed.
2025-05-22T09:23:33.832+05:45  INFO 11385 --- [PaymentProcessingSystem] [main] o.h.m.i.EntityInstantiatorPojoStandard   : HHH000182: No default (no-argument) constructor for class: com.payment.PaymentProcessingSystem.paypallogipn.IpnLogPayPal (class must be instantiated by Interceptor)
2025-05-22T09:23:34.548+05:45  INFO 11385 --- [PaymentProcessingSystem] [main] o.h.e.t.j.p.i.JtaPlatformInitiator       : HHH000489: No JTA platform available (set 'hibernate.transaction.jta.platform' to enable JTA platform integration)
2025-05-22T09:23:34.734+05:45  INFO 11385 --- [PaymentProcessingSystem] [main] j.LocalContainerEntityManagerFactoryBean : Initialized JPA EntityManagerFactory for persistence unit 'default'
2025-05-22T09:23:41.456+05:45  INFO 11385 --- [PaymentProcessingSystem] [main] eAuthenticationProviderManagerConfigurer : Global AuthenticationManager configured with AuthenticationProvider bean with name authenticationProvider
2025-05-22T09:23:41.462+05:45  WARN 11385 --- [PaymentProcessingSystem] [main] r$InitializeUserDetailsManagerConfigurer : Global AuthenticationManager configured with an AuthenticationProvider bean. UserDetailsService beans will not be used for username/password login. Consider removing the AuthenticationProvider bean. Alternatively, consider using the UserDetailsService in a manually instantiated DaoAuthenticationProvider.
2025-05-22T09:23:43.063+05:45  WARN 11385 --- [PaymentProcessingSystem] [main] JpaBaseConfiguration$JpaWebConfiguration : spring.jpa.open-in-view is enabled by default. Therefore, database queries may be performed during view rendering. Explicitly configure spring.jpa.open-in-view to disable this warning
2025-05-22T09:23:44.567+05:45  INFO 11385 --- [PaymentProcessingSystem] [main] o.s.v.b.OptionalValidatorFactoryBean     : Failed to set up a Bean Validation provider: jakarta.validation.NoProviderFoundException: Unable to create a Configuration, because no Jakarta Bean Validation provider could be found. Add a provider like Hibernate Validator (RI) to your classpath.
2025-05-22T09:23:46.966+05:45  INFO 11385 --- [PaymentProcessingSystem] [main] o.s.b.w.embedded.tomcat.TomcatWebServer  : Tomcat started on port 8080 (http) with context path '/'
2025-05-22T09:23:47.037+05:45  INFO 11385 --- [PaymentProcessingSystem] [main] c.p.P.PaymentProcessingSystemApplication : Started PaymentProcessingSystemApplication in 34.734 seconds (process running for 37.381)
2025-05-22T09:23:59.928+05:45  INFO 11385 --- [PaymentProcessingSystem] [http-nio-8080-exec-1] o.a.c.c.C.[Tomcat].[localhost].[/]       : Initializing Spring DispatcherServlet 'dispatcherServlet'
2025-05-22T09:23:59.929+05:45  INFO 11385 --- [PaymentProcessingSystem] [http-nio-8080-exec-1] o.s.web.servlet.DispatcherServlet        : Initializing Servlet 'dispatcherServlet'
2025-05-22T09:23:59.932+05:45  INFO 11385 --- [PaymentProcessingSystem] [http-nio-8080-exec-1] o.s.web.servlet.DispatcherServlet        : Completed initialization in 3 ms
2025-05-22T09:24:06.878+05:45  INFO 11385 --- [PaymentProcessingSystem] [http-nio-8080-exec-9] o.springdoc.api.AbstractOpenApiResource  : Init duration for springdoc-openapi is: 1915 ms
2025-05-22T09:26:32.485+05:45  INFO 11385 --- [PaymentProcessingSystem] [SpringApplicationShutdownHook] j.LocalContainerEntityManagerFactoryBean : Closing JPA EntityManagerFactory for persistence unit 'default'
2025-05-22T09:26:32.489+05:45  INFO 11385 --- [PaymentProcessingSystem] [SpringApplicationShutdownHook] com.zaxxer.hikari.HikariDataSource       : HikariPool-1 - Shutdown initiated...
2025-05-22T09:26:32.504+05:45  INFO 11385 --- [PaymentProcessingSystem] [SpringApplicationShutdownHook] com.zaxxer.hikari.HikariDataSource       : HikariPool-1 - Shutdown completed.
2025-05-22T13:20:05.658+05:45  INFO 22631 --- [PaymentProcessingSystem] [main] .PaymentProcessingSystemApplicationTests : Starting PaymentProcessingSystemApplicationTests using Java 17.0.14 with PID 22631 (started by devs_kaushal in /home/devs_kaushal/Documents/projects/PaymentProcessingSystem)
2025-05-22T13:20:05.668+05:45  INFO 22631 --- [PaymentProcessingSystem] [main] .PaymentProcessingSystemApplicationTests : No active profile set, falling back to 1 default profile: "default"
2025-05-22T13:20:07.776+05:45  INFO 22631 --- [PaymentProcessingSystem] [main] .s.d.r.c.RepositoryConfigurationDelegate : Bootstrapping Spring Data JPA repositories in DEFAULT mode.
2025-05-22T13:20:07.876+05:45  INFO 22631 --- [PaymentProcessingSystem] [main] .s.d.r.c.RepositoryConfigurationDelegate : Finished Spring Data repository scanning in 86 ms. Found 3 JPA repository interfaces.
2025-05-22T13:20:09.341+05:45  INFO 22631 --- [PaymentProcessingSystem] [main] o.hibernate.jpa.internal.util.LogHelper  : HHH000204: Processing PersistenceUnitInfo [name: default]
2025-05-22T13:20:09.490+05:45  INFO 22631 --- [PaymentProcessingSystem] [main] org.hibernate.Version                    : HHH000412: Hibernate ORM core version 6.5.3.Final
2025-05-22T13:20:09.565+05:45  INFO 22631 --- [PaymentProcessingSystem] [main] o.h.c.internal.RegionFactoryInitiator    : HHH000026: Second-level cache disabled
2025-05-22T13:20:10.061+05:45  INFO 22631 --- [PaymentProcessingSystem] [main] o.s.o.j.p.SpringPersistenceUnitInfo      : No LoadTimeWeaver setup: ignoring JPA class transformer
2025-05-22T13:20:10.106+05:45  INFO 22631 --- [PaymentProcessingSystem] [main] com.zaxxer.hikari.HikariDataSource       : HikariPool-1 - Starting...
2025-05-22T13:20:10.384+05:45  INFO 22631 --- [PaymentProcessingSystem] [main] com.zaxxer.hikari.pool.HikariPool        : HikariPool-1 - Added connection org.postgresql.jdbc.PgConnection@7c682e26
2025-05-22T13:20:10.388+05:45  INFO 22631 --- [PaymentProcessingSystem] [main] com.zaxxer.hikari.HikariDataSource       : HikariPool-1 - Start completed.
2025-05-22T13:20:11.594+05:45  INFO 22631 --- [PaymentProcessingSystem] [main] o.h.m.i.EntityInstantiatorPojoStandard   : HHH000182: No default (no-argument) constructor for class: com.payment.PaymentProcessingSystem.paypallogipn.IpnLogPayPal (class must be instantiated by Interceptor)
2025-05-22T13:20:11.867+05:45  INFO 22631 --- [PaymentProcessingSystem] [main] o.h.e.t.j.p.i.JtaPlatformInitiator       : HHH000489: No JTA platform available (set 'hibernate.transaction.jta.platform' to enable JTA platform integration)
2025-05-22T13:20:11.958+05:45  INFO 22631 --- [PaymentProcessingSystem] [main] j.LocalContainerEntityManagerFactoryBean : Initialized JPA EntityManagerFactory for persistence unit 'default'
2025-05-22T13:20:12.965+05:45  INFO 22631 --- [PaymentProcessingSystem] [main] eAuthenticationProviderManagerConfigurer : Global AuthenticationManager configured with AuthenticationProvider bean with name authenticationProvider
2025-05-22T13:20:12.966+05:45  WARN 22631 --- [PaymentProcessingSystem] [main] r$InitializeUserDetailsManagerConfigurer : Global AuthenticationManager configured with an AuthenticationProvider bean. UserDetailsService beans will not be used for username/password login. Consider removing the AuthenticationProvider bean. Alternatively, consider using the UserDetailsService in a manually instantiated DaoAuthenticationProvider.
2025-05-22T13:20:13.728+05:45  WARN 22631 --- [PaymentProcessingSystem] [main] JpaBaseConfiguration$JpaWebConfiguration : spring.jpa.open-in-view is enabled by default. Therefore, database queries may be performed during view rendering. Explicitly configure spring.jpa.open-in-view to disable this warning
2025-05-22T13:20:14.948+05:45  INFO 22631 --- [PaymentProcessingSystem] [main] o.s.v.b.OptionalValidatorFactoryBean     : Failed to set up a Bean Validation provider: jakarta.validation.NoProviderFoundException: Unable to create a Configuration, because no Jakarta Bean Validation provider could be found. Add a provider like Hibernate Validator (RI) to your classpath.
2025-05-22T13:20:16.268+05:45  INFO 22631 --- [PaymentProcessingSystem] [main] .PaymentProcessingSystemApplicationTests : Started PaymentProcessingSystemApplicationTests in 11.283 seconds (process running for 13.224)
2025-05-22T13:20:17.039+05:45  INFO 22631 --- [PaymentProcessingSystem] [SpringApplicationShutdownHook] j.LocalContainerEntityManagerFactoryBean : Closing JPA EntityManagerFactory for persistence unit 'default'
2025-05-22T13:20:17.045+05:45  INFO 22631 --- [PaymentProcessingSystem] [SpringApplicationShutdownHook] com.zaxxer.hikari.HikariDataSource       : HikariPool-1 - Shutdown initiated...
2025-05-22T13:20:17.062+05:45  INFO 22631 --- [PaymentProcessingSystem] [SpringApplicationShutdownHook] com.zaxxer.hikari.HikariDataSource       : HikariPool-1 - Shutdown completed.
2025-05-22T13:26:34.626+05:45  INFO 23048 --- [PaymentProcessingSystem] [main] .PaymentProcessingSystemApplicationTests : Starting PaymentProcessingSystemApplicationTests using Java 17.0.14 with PID 23048 (started by devs_kaushal in /home/devs_kaushal/Documents/projects/PaymentProcessingSystem)
2025-05-22T13:26:34.630+05:45  INFO 23048 --- [PaymentProcessingSystem] [main] .PaymentProcessingSystemApplicationTests : No active profile set, falling back to 1 default profile: "default"
2025-05-22T13:26:36.181+05:45  INFO 23048 --- [PaymentProcessingSystem] [main] .s.d.r.c.RepositoryConfigurationDelegate : Bootstrapping Spring Data JPA repositories in DEFAULT mode.
2025-05-22T13:26:36.277+05:45  INFO 23048 --- [PaymentProcessingSystem] [main] .s.d.r.c.RepositoryConfigurationDelegate : Finished Spring Data repository scanning in 80 ms. Found 3 JPA repository interfaces.
2025-05-22T13:26:37.768+05:45  INFO 23048 --- [PaymentProcessingSystem] [main] o.hibernate.jpa.internal.util.LogHelper  : HHH000204: Processing PersistenceUnitInfo [name: default]
2025-05-22T13:26:37.864+05:45  INFO 23048 --- [PaymentProcessingSystem] [main] org.hibernate.Version                    : HHH000412: Hibernate ORM core version 6.5.3.Final
2025-05-22T13:26:37.942+05:45  INFO 23048 --- [PaymentProcessingSystem] [main] o.h.c.internal.RegionFactoryInitiator    : HHH000026: Second-level cache disabled
2025-05-22T13:26:38.325+05:45  INFO 23048 --- [PaymentProcessingSystem] [main] o.s.o.j.p.SpringPersistenceUnitInfo      : No LoadTimeWeaver setup: ignoring JPA class transformer
2025-05-22T13:26:38.360+05:45  INFO 23048 --- [PaymentProcessingSystem] [main] com.zaxxer.hikari.HikariDataSource       : HikariPool-1 - Starting...
2025-05-22T13:26:38.598+05:45  INFO 23048 --- [PaymentProcessingSystem] [main] com.zaxxer.hikari.pool.HikariPool        : HikariPool-1 - Added connection org.postgresql.jdbc.PgConnection@2adc1e84
2025-05-22T13:26:38.602+05:45  INFO 23048 --- [PaymentProcessingSystem] [main] com.zaxxer.hikari.HikariDataSource       : HikariPool-1 - Start completed.
2025-05-22T13:26:39.796+05:45  INFO 23048 --- [PaymentProcessingSystem] [main] o.h.m.i.EntityInstantiatorPojoStandard   : HHH000182: No default (no-argument) constructor for class: com.payment.PaymentProcessingSystem.paypallogipn.IpnLogPayPal (class must be instantiated by Interceptor)
2025-05-22T13:26:40.074+05:45  INFO 23048 --- [PaymentProcessingSystem] [main] o.h.e.t.j.p.i.JtaPlatformInitiator       : HHH000489: No JTA platform available (set 'hibernate.transaction.jta.platform' to enable JTA platform integration)
2025-05-22T13:26:40.147+05:45  INFO 23048 --- [PaymentProcessingSystem] [main] j.LocalContainerEntityManagerFactoryBean : Initialized JPA EntityManagerFactory for persistence unit 'default'
2025-05-22T13:26:41.815+05:45  INFO 23048 --- [PaymentProcessingSystem] [main] eAuthenticationProviderManagerConfigurer : Global AuthenticationManager configured with AuthenticationProvider bean with name authenticationProvider
2025-05-22T13:26:41.821+05:45  WARN 23048 --- [PaymentProcessingSystem] [main] r$InitializeUserDetailsManagerConfigurer : Global AuthenticationManager configured with an AuthenticationProvider bean. UserDetailsService beans will not be used for username/password login. Consider removing the AuthenticationProvider bean. Alternatively, consider using the UserDetailsService in a manually instantiated DaoAuthenticationProvider.
2025-05-22T13:26:43.533+05:45  WARN 23048 --- [PaymentProcessingSystem] [main] JpaBaseConfiguration$JpaWebConfiguration : spring.jpa.open-in-view is enabled by default. Therefore, database queries may be performed during view rendering. Explicitly configure spring.jpa.open-in-view to disable this warning
2025-05-22T13:26:45.105+05:45  INFO 23048 --- [PaymentProcessingSystem] [main] o.s.v.b.OptionalValidatorFactoryBean     : Failed to set up a Bean Validation provider: jakarta.validation.NoProviderFoundException: Unable to create a Configuration, because no Jakarta Bean Validation provider could be found. Add a provider like Hibernate Validator (RI) to your classpath.
2025-05-22T13:26:47.978+05:45  INFO 23048 --- [PaymentProcessingSystem] [main] .PaymentProcessingSystemApplicationTests : Started PaymentProcessingSystemApplicationTests in 13.877 seconds (process running for 15.293)
2025-05-22T13:26:49.535+05:45  INFO 23048 --- [PaymentProcessingSystem] [SpringApplicationShutdownHook] j.LocalContainerEntityManagerFactoryBean : Closing JPA EntityManagerFactory for persistence unit 'default'
2025-05-22T13:26:49.539+05:45  INFO 23048 --- [PaymentProcessingSystem] [SpringApplicationShutdownHook] com.zaxxer.hikari.HikariDataSource       : HikariPool-1 - Shutdown initiated...
2025-05-22T13:26:49.563+05:45  INFO 23048 --- [PaymentProcessingSystem] [SpringApplicationShutdownHook] com.zaxxer.hikari.HikariDataSource       : HikariPool-1 - Shutdown completed.
2025-05-22T13:31:51.054+05:45  INFO 23433 --- [PaymentProcessingSystem] [main] .PaymentProcessingSystemApplicationTests : Starting PaymentProcessingSystemApplicationTests using Java 17.0.14 with PID 23433 (started by devs_kaushal in /home/devs_kaushal/Documents/projects/PaymentProcessingSystem)
2025-05-22T13:31:51.059+05:45  INFO 23433 --- [PaymentProcessingSystem] [main] .PaymentProcessingSystemApplicationTests : No active profile set, falling back to 1 default profile: "default"
2025-05-22T13:31:52.633+05:45  INFO 23433 --- [PaymentProcessingSystem] [main] .s.d.r.c.RepositoryConfigurationDelegate : Bootstrapping Spring Data JPA repositories in DEFAULT mode.
2025-05-22T13:31:52.725+05:45  INFO 23433 --- [PaymentProcessingSystem] [main] .s.d.r.c.RepositoryConfigurationDelegate : Finished Spring Data repository scanning in 81 ms. Found 3 JPA repository interfaces.
2025-05-22T13:31:54.132+05:45  INFO 23433 --- [PaymentProcessingSystem] [main] o.hibernate.jpa.internal.util.LogHelper  : HHH000204: Processing PersistenceUnitInfo [name: default]
2025-05-22T13:31:54.239+05:45  INFO 23433 --- [PaymentProcessingSystem] [main] org.hibernate.Version                    : HHH000412: Hibernate ORM core version 6.5.3.Final
2025-05-22T13:31:54.314+05:45  INFO 23433 --- [PaymentProcessingSystem] [main] o.h.c.internal.RegionFactoryInitiator    : HHH000026: Second-level cache disabled
2025-05-22T13:31:54.836+05:45  INFO 23433 --- [PaymentProcessingSystem] [main] o.s.o.j.p.SpringPersistenceUnitInfo      : No LoadTimeWeaver setup: ignoring JPA class transformer
2025-05-22T13:31:54.882+05:45  INFO 23433 --- [PaymentProcessingSystem] [main] com.zaxxer.hikari.HikariDataSource       : HikariPool-1 - Starting...
2025-05-22T13:31:55.179+05:45  INFO 23433 --- [PaymentProcessingSystem] [main] com.zaxxer.hikari.pool.HikariPool        : HikariPool-1 - Added connection org.postgresql.jdbc.PgConnection@126254ec
2025-05-22T13:31:55.182+05:45  INFO 23433 --- [PaymentProcessingSystem] [main] com.zaxxer.hikari.HikariDataSource       : HikariPool-1 - Start completed.
2025-05-22T13:31:56.247+05:45  INFO 23433 --- [PaymentProcessingSystem] [main] o.h.m.i.EntityInstantiatorPojoStandard   : HHH000182: No default (no-argument) constructor for class: com.payment.PaymentProcessingSystem.paypallogipn.IpnLogPayPal (class must be instantiated by Interceptor)
2025-05-22T13:31:56.464+05:45  INFO 23433 --- [PaymentProcessingSystem] [main] o.h.e.t.j.p.i.JtaPlatformInitiator       : HHH000489: No JTA platform available (set 'hibernate.transaction.jta.platform' to enable JTA platform integration)
2025-05-22T13:31:56.527+05:45  INFO 23433 --- [PaymentProcessingSystem] [main] j.LocalContainerEntityManagerFactoryBean : Initialized JPA EntityManagerFactory for persistence unit 'default'
2025-05-22T13:31:57.992+05:45  INFO 23433 --- [PaymentProcessingSystem] [main] eAuthenticationProviderManagerConfigurer : Global AuthenticationManager configured with AuthenticationProvider bean with name authenticationProvider
2025-05-22T13:31:57.992+05:45  WARN 23433 --- [PaymentProcessingSystem] [main] r$InitializeUserDetailsManagerConfigurer : Global AuthenticationManager configured with an AuthenticationProvider bean. UserDetailsService beans will not be used for username/password login. Consider removing the AuthenticationProvider bean. Alternatively, consider using the UserDetailsService in a manually instantiated DaoAuthenticationProvider.
2025-05-22T13:31:58.958+05:45  WARN 23433 --- [PaymentProcessingSystem] [main] JpaBaseConfiguration$JpaWebConfiguration : spring.jpa.open-in-view is enabled by default. Therefore, database queries may be performed during view rendering. Explicitly configure spring.jpa.open-in-view to disable this warning
2025-05-22T13:32:00.032+05:45  INFO 23433 --- [PaymentProcessingSystem] [main] o.s.v.b.OptionalValidatorFactoryBean     : Failed to set up a Bean Validation provider: jakarta.validation.NoProviderFoundException: Unable to create a Configuration, because no Jakarta Bean Validation provider could be found. Add a provider like Hibernate Validator (RI) to your classpath.
2025-05-22T13:32:01.291+05:45  INFO 23433 --- [PaymentProcessingSystem] [main] .PaymentProcessingSystemApplicationTests : Started PaymentProcessingSystemApplicationTests in 10.729 seconds (process running for 12.226)
2025-05-22T13:32:02.057+05:45  INFO 23433 --- [PaymentProcessingSystem] [SpringApplicationShutdownHook] j.LocalContainerEntityManagerFactoryBean : Closing JPA EntityManagerFactory for persistence unit 'default'
2025-05-22T13:32:02.060+05:45  INFO 23433 --- [PaymentProcessingSystem] [SpringApplicationShutdownHook] com.zaxxer.hikari.HikariDataSource       : HikariPool-1 - Shutdown initiated...
2025-05-22T13:32:02.075+05:45  INFO 23433 --- [PaymentProcessingSystem] [SpringApplicationShutdownHook] com.zaxxer.hikari.HikariDataSource       : HikariPool-1 - Shutdown completed.
2025-05-22T13:35:53.573+05:45  INFO 23670 --- [PaymentProcessingSystem] [main] .PaymentProcessingSystemApplicationTests : Starting PaymentProcessingSystemApplicationTests using Java 17.0.14 with PID 23670 (started by devs_kaushal in /home/devs_kaushal/Documents/projects/PaymentProcessingSystem)
2025-05-22T13:35:53.587+05:45  INFO 23670 --- [PaymentProcessingSystem] [main] .PaymentProcessingSystemApplicationTests : No active profile set, falling back to 1 default profile: "default"
2025-05-22T13:35:57.826+05:45  INFO 23670 --- [PaymentProcessingSystem] [main] .s.d.r.c.RepositoryConfigurationDelegate : Bootstrapping Spring Data JPA repositories in DEFAULT mode.
2025-05-22T13:35:57.948+05:45  INFO 23670 --- [PaymentProcessingSystem] [main] .s.d.r.c.RepositoryConfigurationDelegate : Finished Spring Data repository scanning in 111 ms. Found 3 JPA repository interfaces.
2025-05-22T13:35:59.766+05:45  INFO 23670 --- [PaymentProcessingSystem] [main] o.hibernate.jpa.internal.util.LogHelper  : HHH000204: Processing PersistenceUnitInfo [name: default]
2025-05-22T13:35:59.874+05:45  INFO 23670 --- [PaymentProcessingSystem] [main] org.hibernate.Version                    : HHH000412: Hibernate ORM core version 6.5.3.Final
2025-05-22T13:35:59.969+05:45  INFO 23670 --- [PaymentProcessingSystem] [main] o.h.c.internal.RegionFactoryInitiator    : HHH000026: Second-level cache disabled
2025-05-22T13:36:00.557+05:45  INFO 23670 --- [PaymentProcessingSystem] [main] o.s.o.j.p.SpringPersistenceUnitInfo      : No LoadTimeWeaver setup: ignoring JPA class transformer
2025-05-22T13:36:00.610+05:45  INFO 23670 --- [PaymentProcessingSystem] [main] com.zaxxer.hikari.HikariDataSource       : HikariPool-1 - Starting...
2025-05-22T13:36:00.937+05:45  INFO 23670 --- [PaymentProcessingSystem] [main] com.zaxxer.hikari.pool.HikariPool        : HikariPool-1 - Added connection org.postgresql.jdbc.PgConnection@31f1b268
2025-05-22T13:36:00.942+05:45  INFO 23670 --- [PaymentProcessingSystem] [main] com.zaxxer.hikari.HikariDataSource       : HikariPool-1 - Start completed.
2025-05-22T13:36:02.328+05:45  INFO 23670 --- [PaymentProcessingSystem] [main] o.h.m.i.EntityInstantiatorPojoStandard   : HHH000182: No default (no-argument) constructor for class: com.payment.PaymentProcessingSystem.paypallogipn.IpnLogPayPal (class must be instantiated by Interceptor)
2025-05-22T13:36:02.647+05:45  INFO 23670 --- [PaymentProcessingSystem] [main] o.h.e.t.j.p.i.JtaPlatformInitiator       : HHH000489: No JTA platform available (set 'hibernate.transaction.jta.platform' to enable JTA platform integration)
2025-05-22T13:36:02.732+05:45  INFO 23670 --- [PaymentProcessingSystem] [main] j.LocalContainerEntityManagerFactoryBean : Initialized JPA EntityManagerFactory for persistence unit 'default'
2025-05-22T13:36:03.995+05:45  INFO 23670 --- [PaymentProcessingSystem] [main] eAuthenticationProviderManagerConfigurer : Global AuthenticationManager configured with AuthenticationProvider bean with name authenticationProvider
2025-05-22T13:36:03.996+05:45  WARN 23670 --- [PaymentProcessingSystem] [main] r$InitializeUserDetailsManagerConfigurer : Global AuthenticationManager configured with an AuthenticationProvider bean. UserDetailsService beans will not be used for username/password login. Consider removing the AuthenticationProvider bean. Alternatively, consider using the UserDetailsService in a manually instantiated DaoAuthenticationProvider.
2025-05-22T13:36:04.879+05:45  WARN 23670 --- [PaymentProcessingSystem] [main] JpaBaseConfiguration$JpaWebConfiguration : spring.jpa.open-in-view is enabled by default. Therefore, database queries may be performed during view rendering. Explicitly configure spring.jpa.open-in-view to disable this warning
2025-05-22T13:36:06.196+05:45  INFO 23670 --- [PaymentProcessingSystem] [main] o.s.v.b.OptionalValidatorFactoryBean     : Failed to set up a Bean Validation provider: jakarta.validation.NoProviderFoundException: Unable to create a Configuration, because no Jakarta Bean Validation provider could be found. Add a provider like Hibernate Validator (RI) to your classpath.
2025-05-22T13:36:07.964+05:45  INFO 23670 --- [PaymentProcessingSystem] [main] .PaymentProcessingSystemApplicationTests : Started PaymentProcessingSystemApplicationTests in 15.414 seconds (process running for 17.176)
2025-05-22T13:36:08.871+05:45  INFO 23670 --- [PaymentProcessingSystem] [SpringApplicationShutdownHook] j.LocalContainerEntityManagerFactoryBean : Closing JPA EntityManagerFactory for persistence unit 'default'
2025-05-22T13:36:08.885+05:45  INFO 23670 --- [PaymentProcessingSystem] [SpringApplicationShutdownHook] com.zaxxer.hikari.HikariDataSource       : HikariPool-1 - Shutdown initiated...
2025-05-22T13:36:08.911+05:45  INFO 23670 --- [PaymentProcessingSystem] [SpringApplicationShutdownHook] com.zaxxer.hikari.HikariDataSource       : HikariPool-1 - Shutdown completed.
2025-05-22T13:37:26.752+05:45  INFO 23841 --- [PaymentProcessingSystem] [main] .PaymentProcessingSystemApplicationTests : Starting PaymentProcessingSystemApplicationTests using Java 17.0.14 with PID 23841 (started by devs_kaushal in /home/devs_kaushal/Documents/projects/PaymentProcessingSystem)
2025-05-22T13:37:26.756+05:45  INFO 23841 --- [PaymentProcessingSystem] [main] .PaymentProcessingSystemApplicationTests : No active profile set, falling back to 1 default profile: "default"
2025-05-22T13:37:28.657+05:45  INFO 23841 --- [PaymentProcessingSystem] [main] .s.d.r.c.RepositoryConfigurationDelegate : Bootstrapping Spring Data JPA repositories in DEFAULT mode.
2025-05-22T13:37:28.790+05:45  INFO 23841 --- [PaymentProcessingSystem] [main] .s.d.r.c.RepositoryConfigurationDelegate : Finished Spring Data repository scanning in 122 ms. Found 3 JPA repository interfaces.
2025-05-22T13:37:30.438+05:45  INFO 23841 --- [PaymentProcessingSystem] [main] o.hibernate.jpa.internal.util.LogHelper  : HHH000204: Processing PersistenceUnitInfo [name: default]
2025-05-22T13:37:30.532+05:45  INFO 23841 --- [PaymentProcessingSystem] [main] org.hibernate.Version                    : HHH000412: Hibernate ORM core version 6.5.3.Final
2025-05-22T13:37:30.616+05:45  INFO 23841 --- [PaymentProcessingSystem] [main] o.h.c.internal.RegionFactoryInitiator    : HHH000026: Second-level cache disabled
2025-05-22T13:37:31.057+05:45  INFO 23841 --- [PaymentProcessingSystem] [main] o.s.o.j.p.SpringPersistenceUnitInfo      : No LoadTimeWeaver setup: ignoring JPA class transformer
2025-05-22T13:37:31.106+05:45  INFO 23841 --- [PaymentProcessingSystem] [main] com.zaxxer.hikari.HikariDataSource       : HikariPool-1 - Starting...
2025-05-22T13:37:31.418+05:45  INFO 23841 --- [PaymentProcessingSystem] [main] com.zaxxer.hikari.pool.HikariPool        : HikariPool-1 - Added connection org.postgresql.jdbc.PgConnection@7598d675
2025-05-22T13:37:31.421+05:45  INFO 23841 --- [PaymentProcessingSystem] [main] com.zaxxer.hikari.HikariDataSource       : HikariPool-1 - Start completed.
2025-05-22T13:37:32.825+05:45  INFO 23841 --- [PaymentProcessingSystem] [main] o.h.m.i.EntityInstantiatorPojoStandard   : HHH000182: No default (no-argument) constructor for class: com.payment.PaymentProcessingSystem.paypallogipn.IpnLogPayPal (class must be instantiated by Interceptor)
2025-05-22T13:37:33.099+05:45  INFO 23841 --- [PaymentProcessingSystem] [main] o.h.e.t.j.p.i.JtaPlatformInitiator       : HHH000489: No JTA platform available (set 'hibernate.transaction.jta.platform' to enable JTA platform integration)
2025-05-22T13:37:33.189+05:45  INFO 23841 --- [PaymentProcessingSystem] [main] j.LocalContainerEntityManagerFactoryBean : Initialized JPA EntityManagerFactory for persistence unit 'default'
2025-05-22T13:37:34.385+05:45  INFO 23841 --- [PaymentProcessingSystem] [main] eAuthenticationProviderManagerConfigurer : Global AuthenticationManager configured with AuthenticationProvider bean with name authenticationProvider
2025-05-22T13:37:34.385+05:45  WARN 23841 --- [PaymentProcessingSystem] [main] r$InitializeUserDetailsManagerConfigurer : Global AuthenticationManager configured with an AuthenticationProvider bean. UserDetailsService beans will not be used for username/password login. Consider removing the AuthenticationProvider bean. Alternatively, consider using the UserDetailsService in a manually instantiated DaoAuthenticationProvider.
2025-05-22T13:37:35.325+05:45  WARN 23841 --- [PaymentProcessingSystem] [main] JpaBaseConfiguration$JpaWebConfiguration : spring.jpa.open-in-view is enabled by default. Therefore, database queries may be performed during view rendering. Explicitly configure spring.jpa.open-in-view to disable this warning
2025-05-22T13:37:36.642+05:45  INFO 23841 --- [PaymentProcessingSystem] [main] o.s.v.b.OptionalValidatorFactoryBean     : Failed to set up a Bean Validation provider: jakarta.validation.NoProviderFoundException: Unable to create a Configuration, because no Jakarta Bean Validation provider could be found. Add a provider like Hibernate Validator (RI) to your classpath.
2025-05-22T13:37:38.298+05:45  INFO 23841 --- [PaymentProcessingSystem] [main] .PaymentProcessingSystemApplicationTests : Started PaymentProcessingSystemApplicationTests in 12.214 seconds (process running for 13.784)
2025-05-22T13:37:39.199+05:45  INFO 23841 --- [PaymentProcessingSystem] [SpringApplicationShutdownHook] j.LocalContainerEntityManagerFactoryBean : Closing JPA EntityManagerFactory for persistence unit 'default'
2025-05-22T13:37:39.202+05:45  INFO 23841 --- [PaymentProcessingSystem] [SpringApplicationShutdownHook] com.zaxxer.hikari.HikariDataSource       : HikariPool-1 - Shutdown initiated...
2025-05-22T13:37:39.213+05:45  INFO 23841 --- [PaymentProcessingSystem] [SpringApplicationShutdownHook] com.zaxxer.hikari.HikariDataSource       : HikariPool-1 - Shutdown completed.
2025-05-22T13:49:18.810+05:45  INFO 24582 --- [PaymentProcessingSystem] [main] .PaymentProcessingSystemApplicationTests : Starting PaymentProcessingSystemApplicationTests using Java 17.0.14 with PID 24582 (started by devs_kaushal in /home/devs_kaushal/Documents/projects/PaymentProcessingSystem)
2025-05-22T13:49:18.816+05:45  INFO 24582 --- [PaymentProcessingSystem] [main] .PaymentProcessingSystemApplicationTests : No active profile set, falling back to 1 default profile: "default"
2025-05-22T13:49:20.464+05:45  INFO 24582 --- [PaymentProcessingSystem] [main] .s.d.r.c.RepositoryConfigurationDelegate : Bootstrapping Spring Data JPA repositories in DEFAULT mode.
2025-05-22T13:49:20.559+05:45  INFO 24582 --- [PaymentProcessingSystem] [main] .s.d.r.c.RepositoryConfigurationDelegate : Finished Spring Data repository scanning in 85 ms. Found 3 JPA repository interfaces.
2025-05-22T13:49:21.951+05:45  INFO 24582 --- [PaymentProcessingSystem] [main] o.hibernate.jpa.internal.util.LogHelper  : HHH000204: Processing PersistenceUnitInfo [name: default]
2025-05-22T13:49:22.097+05:45  INFO 24582 --- [PaymentProcessingSystem] [main] org.hibernate.Version                    : HHH000412: Hibernate ORM core version 6.5.3.Final
2025-05-22T13:49:22.147+05:45  INFO 24582 --- [PaymentProcessingSystem] [main] o.h.c.internal.RegionFactoryInitiator    : HHH000026: Second-level cache disabled
2025-05-22T13:49:22.597+05:45  INFO 24582 --- [PaymentProcessingSystem] [main] o.s.o.j.p.SpringPersistenceUnitInfo      : No LoadTimeWeaver setup: ignoring JPA class transformer
2025-05-22T13:49:22.643+05:45  INFO 24582 --- [PaymentProcessingSystem] [main] com.zaxxer.hikari.HikariDataSource       : HikariPool-1 - Starting...
2025-05-22T13:49:22.879+05:45  INFO 24582 --- [PaymentProcessingSystem] [main] com.zaxxer.hikari.pool.HikariPool        : HikariPool-1 - Added connection org.postgresql.jdbc.PgConnection@98722ef
2025-05-22T13:49:22.883+05:45  INFO 24582 --- [PaymentProcessingSystem] [main] com.zaxxer.hikari.HikariDataSource       : HikariPool-1 - Start completed.
2025-05-22T13:49:23.961+05:45  INFO 24582 --- [PaymentProcessingSystem] [main] o.h.m.i.EntityInstantiatorPojoStandard   : HHH000182: No default (no-argument) constructor for class: com.payment.PaymentProcessingSystem.paypallogipn.IpnLogPayPal (class must be instantiated by Interceptor)
2025-05-22T13:49:24.186+05:45  INFO 24582 --- [PaymentProcessingSystem] [main] o.h.e.t.j.p.i.JtaPlatformInitiator       : HHH000489: No JTA platform available (set 'hibernate.transaction.jta.platform' to enable JTA platform integration)
2025-05-22T13:49:24.246+05:45  INFO 24582 --- [PaymentProcessingSystem] [main] j.LocalContainerEntityManagerFactoryBean : Initialized JPA EntityManagerFactory for persistence unit 'default'
2025-05-22T13:49:25.233+05:45  INFO 24582 --- [PaymentProcessingSystem] [main] eAuthenticationProviderManagerConfigurer : Global AuthenticationManager configured with AuthenticationProvider bean with name authenticationProvider
2025-05-22T13:49:25.234+05:45  WARN 24582 --- [PaymentProcessingSystem] [main] r$InitializeUserDetailsManagerConfigurer : Global AuthenticationManager configured with an AuthenticationProvider bean. UserDetailsService beans will not be used for username/password login. Consider removing the AuthenticationProvider bean. Alternatively, consider using the UserDetailsService in a manually instantiated DaoAuthenticationProvider.
2025-05-22T13:49:26.005+05:45  WARN 24582 --- [PaymentProcessingSystem] [main] JpaBaseConfiguration$JpaWebConfiguration : spring.jpa.open-in-view is enabled by default. Therefore, database queries may be performed during view rendering. Explicitly configure spring.jpa.open-in-view to disable this warning
2025-05-22T13:49:27.165+05:45  INFO 24582 --- [PaymentProcessingSystem] [main] o.s.v.b.OptionalValidatorFactoryBean     : Failed to set up a Bean Validation provider: jakarta.validation.NoProviderFoundException: Unable to create a Configuration, because no Jakarta Bean Validation provider could be found. Add a provider like Hibernate Validator (RI) to your classpath.
2025-05-22T13:49:28.588+05:45  INFO 24582 --- [PaymentProcessingSystem] [main] .PaymentProcessingSystemApplicationTests : Started PaymentProcessingSystemApplicationTests in 10.744 seconds (process running for 12.245)
2025-05-22T13:49:29.475+05:45  INFO 24582 --- [PaymentProcessingSystem] [SpringApplicationShutdownHook] j.LocalContainerEntityManagerFactoryBean : Closing JPA EntityManagerFactory for persistence unit 'default'
2025-05-22T13:49:29.486+05:45  INFO 24582 --- [PaymentProcessingSystem] [SpringApplicationShutdownHook] com.zaxxer.hikari.HikariDataSource       : HikariPool-1 - Shutdown initiated...
2025-05-22T13:49:29.506+05:45  INFO 24582 --- [PaymentProcessingSystem] [SpringApplicationShutdownHook] com.zaxxer.hikari.HikariDataSource       : HikariPool-1 - Shutdown completed.
2025-05-22T14:20:00.465+05:45  INFO 26197 --- [PaymentProcessingSystem] [main] c.p.P.PaymentProcessingSystemApplication : Starting PaymentProcessingSystemApplication v0.0.1-SNAPSHOT using Java 17.0.14 with PID 26197 (/home/devs_kaushal/Documents/projects/PaymentProcessingSystem/target/PaymentProcessingSystem-0.0.1-SNAPSHOT.jar started by devs_kaushal in /home/devs_kaushal/Documents/projects/PaymentProcessingSystem)
2025-05-22T14:20:00.470+05:45  INFO 26197 --- [PaymentProcessingSystem] [main] c.p.P.PaymentProcessingSystemApplication : No active profile set, falling back to 1 default profile: "default"
2025-05-22T14:20:02.669+05:45  INFO 26197 --- [PaymentProcessingSystem] [main] .s.d.r.c.RepositoryConfigurationDelegate : Bootstrapping Spring Data JPA repositories in DEFAULT mode.
2025-05-22T14:20:02.771+05:45  INFO 26197 --- [PaymentProcessingSystem] [main] .s.d.r.c.RepositoryConfigurationDelegate : Finished Spring Data repository scanning in 89 ms. Found 3 JPA repository interfaces.
2025-05-22T14:20:04.759+05:45  INFO 26197 --- [PaymentProcessingSystem] [main] o.s.b.w.embedded.tomcat.TomcatWebServer  : Tomcat initialized with port 8080 (http)
2025-05-22T14:20:04.787+05:45  INFO 26197 --- [PaymentProcessingSystem] [main] o.apache.catalina.core.StandardService   : Starting service [Tomcat]
2025-05-22T14:20:04.788+05:45  INFO 26197 --- [PaymentProcessingSystem] [main] o.apache.catalina.core.StandardEngine    : Starting Servlet engine: [Apache Tomcat/10.1.40]
2025-05-22T14:20:04.857+05:45  INFO 26197 --- [PaymentProcessingSystem] [main] o.a.c.c.C.[Tomcat].[localhost].[/]       : Initializing Spring embedded WebApplicationContext
2025-05-22T14:20:04.858+05:45  INFO 26197 --- [PaymentProcessingSystem] [main] w.s.c.ServletWebServerApplicationContext : Root WebApplicationContext: initialization completed in 4249 ms
2025-05-22T14:20:05.315+05:45  INFO 26197 --- [PaymentProcessingSystem] [main] o.hibernate.jpa.internal.util.LogHelper  : HHH000204: Processing PersistenceUnitInfo [name: default]
2025-05-22T14:20:05.428+05:45  INFO 26197 --- [PaymentProcessingSystem] [main] org.hibernate.Version                    : HHH000412: Hibernate ORM core version 6.5.3.Final
2025-05-22T14:20:05.483+05:45  INFO 26197 --- [PaymentProcessingSystem] [main] o.h.c.internal.RegionFactoryInitiator    : HHH000026: Second-level cache disabled
2025-05-22T14:20:05.935+05:45  INFO 26197 --- [PaymentProcessingSystem] [main] o.s.o.j.p.SpringPersistenceUnitInfo      : No LoadTimeWeaver setup: ignoring JPA class transformer
2025-05-22T14:20:06.010+05:45  INFO 26197 --- [PaymentProcessingSystem] [main] com.zaxxer.hikari.HikariDataSource       : HikariPool-1 - Starting...
2025-05-22T14:20:06.327+05:45  INFO 26197 --- [PaymentProcessingSystem] [main] com.zaxxer.hikari.pool.HikariPool        : HikariPool-1 - Added connection org.postgresql.jdbc.PgConnection@5cbe72b9
2025-05-22T14:20:06.329+05:45  INFO 26197 --- [PaymentProcessingSystem] [main] com.zaxxer.hikari.HikariDataSource       : HikariPool-1 - Start completed.
2025-05-22T14:20:07.475+05:45  INFO 26197 --- [PaymentProcessingSystem] [main] o.h.m.i.EntityInstantiatorPojoStandard   : HHH000182: No default (no-argument) constructor for class: com.payment.PaymentProcessingSystem.paypallogipn.IpnLogPayPal (class must be instantiated by Interceptor)
2025-05-22T14:20:07.771+05:45  INFO 26197 --- [PaymentProcessingSystem] [main] o.h.e.t.j.p.i.JtaPlatformInitiator       : HHH000489: No JTA platform available (set 'hibernate.transaction.jta.platform' to enable JTA platform integration)
2025-05-22T14:20:07.840+05:45  INFO 26197 --- [PaymentProcessingSystem] [main] j.LocalContainerEntityManagerFactoryBean : Initialized JPA EntityManagerFactory for persistence unit 'default'
2025-05-22T14:20:09.408+05:45  INFO 26197 --- [PaymentProcessingSystem] [main] eAuthenticationProviderManagerConfigurer : Global AuthenticationManager configured with AuthenticationProvider bean with name authenticationProvider
2025-05-22T14:20:09.409+05:45  WARN 26197 --- [PaymentProcessingSystem] [main] r$InitializeUserDetailsManagerConfigurer : Global AuthenticationManager configured with an AuthenticationProvider bean. UserDetailsService beans will not be used for username/password login. Consider removing the AuthenticationProvider bean. Alternatively, consider using the UserDetailsService in a manually instantiated DaoAuthenticationProvider.
2025-05-22T14:20:09.893+05:45  WARN 26197 --- [PaymentProcessingSystem] [main] JpaBaseConfiguration$JpaWebConfiguration : spring.jpa.open-in-view is enabled by default. Therefore, database queries may be performed during view rendering. Explicitly configure spring.jpa.open-in-view to disable this warning
2025-05-22T14:20:10.764+05:45  INFO 26197 --- [PaymentProcessingSystem] [main] o.s.v.b.OptionalValidatorFactoryBean     : Failed to set up a Bean Validation provider: jakarta.validation.NoProviderFoundException: Unable to create a Configuration, because no Jakarta Bean Validation provider could be found. Add a provider like Hibernate Validator (RI) to your classpath.
2025-05-22T14:20:12.370+05:45  INFO 26197 --- [PaymentProcessingSystem] [main] o.s.b.w.embedded.tomcat.TomcatWebServer  : Tomcat started on port 8080 (http) with context path '/'
2025-05-22T14:20:12.394+05:45  INFO 26197 --- [PaymentProcessingSystem] [main] c.p.P.PaymentProcessingSystemApplication : Started PaymentProcessingSystemApplication in 12.939 seconds (process running for 14.196)
2025-05-22T14:21:44.146+05:45  INFO 26197 --- [PaymentProcessingSystem] [http-nio-8080-exec-1] o.a.c.c.C.[Tomcat].[localhost].[/]       : Initializing Spring DispatcherServlet 'dispatcherServlet'
2025-05-22T14:21:44.147+05:45  INFO 26197 --- [PaymentProcessingSystem] [http-nio-8080-exec-1] o.s.web.servlet.DispatcherServlet        : Initializing Servlet 'dispatcherServlet'
2025-05-22T14:21:44.151+05:45  INFO 26197 --- [PaymentProcessingSystem] [http-nio-8080-exec-1] o.s.web.servlet.DispatcherServlet        : Completed initialization in 3 ms
